PRODUCT,Hard coal (if no detail),Brown coal (if no detail),Anthracite,Coking coal,Other bituminous coal,Sub-bituminous coal,Lignite,Patent fuel,Coke oven coke,Gas coke,Coal tar,BKB,Gas works gas,Coke oven gas,Blast furnace gas,Other recovered gases,Peat,Peat products,Oil shale and oil sands,Natural gas,Crude/NGL/feedstocks (if no detail),Crude oil,Natural gas liquids,Refinery feedstocks,Additives/blending components,Other hydrocarbons,Refinery gas,Ethane,Liquefied petroleum gases (LPG),Motor gasoline excl. biofuels,Aviation gasoline,Gasoline type jet fuel,Kerosene type jet fuel excl. biofuels,Other kerosene,Gas/diesel oil excl. biofuels,Fuel oil,Naphtha,White spirit & SBP,Lubricants,Bitumen,Paraffin waxes,Petroleum coke,Other oil products,Industrial waste,Municipal waste (renewable),Municipal waste (non-renewable),Primary solid biofuels,Biogases,Biogasoline,Biodiesels,Bio jet kerosene,Other liquid biofuels,Non-specified primary biofuels and waste,Charcoal,Elec/heat output from non-specified manufactured gases,Heat output from non-specified combustible fuels,Nuclear,Hydro,Geothermal,Solar photovoltaics,Solar thermal,"Tide, wave and ocean",Wind,Other sources,Electricity,Heat,Total,Memo: Renewables
COUNTRY
World,x,x,0,0,0,0,0,0,0,0,0,0,0,0,0,0,0,0,0,0,x,-4016013,-120702,-149408,-6034,-34241,147459,161,148911,1061375,917,0,329941,57940,1381209,419429,297466,9116,42628,107777,4350,99218,124736,0,0,0,0,0,0,0,0,0,0,0,0,0,0,0,0,0,0,0,0,0,0,0,-93766,0
OECD Americas,x,x,0,0,0,0,0,0,0,0,0,0,0,0,0,0,0,0,0,0,x,-956435,-22904,-29425,-425,-30494,23673,137,14206,435758,557,0,92020,1310,289123,40337,13603,1781,10372,24717,234,48235,15163,0,0,0,0,0,0,0,0,0,0,0,0,0,0,0,0,0,0,0,0,0,0,0,-28457,0
OECD Asia Oceania,x,x,0,0,0,0,0,0,0,0,0,0,0,0,0,0,0,0,0,0,x,-346999,-2223,-20619,0,-114,14398,0,9189,74287,60,0,41005,15908,107980,29314,51693,661,4821,8108,78,1693,5436,0,0,0,0,0,0,0,0,0,0,0,0,0,0,0,0,0,0,0,0,0,0,0,-5323,0
OECD Europe,x,x,0,0,0,0,0,0,0,0,0,0,0,0,0,0,0,0,0,0,x,-622857,-6936,-51914,-2798,-1725,26248,24,19147,129978,100,0,41208,12891,265675,76673,48339,1009,7629,20106,652,9411,21435,0,0,0,0,0,0,0,0,0,0,0,0,0,0,0,0,0,0,0,0,0,0,0,-5703,0
Africa,x,x,0,0,0,0,0,0,0,0,0,0,0,0,0,0,0,0,0,0,x,-97899,-5462,-1809,0,0,1865,0,2460,18408,3,0,8068,1507,32053,21514,11532,97,529,1314,9,357,1396,0,0,0,0,0,0,0,0,0,0,0,0,0,0,0,0,0,0,0,0,0,0,0,-4059,0
Non-OECD Americas,x,x,0,0,0,0,0,0,0,0,0,0,0,0,0,0,0,0,0,0,x,-195394,-5931,-16787,-393,-1351,8033,0,7213,47580,72,0,11518,286,66207,41857,7860,339,1462,3950,54,7029,9151,0,0,0,0,0,0,0,0,0,0,0,0,0,0,0,0,0,0,0,0,0,0,0,-7244,0
Middle East,x,x,0,0,0,0,0,0,0,0,0,0,0,0,0,0,0,0,0,0,x,-350749,-43461,-1476,-1803,0,8301,0,6728,60245,8,0,31351,16755,120955,86187,41197,556,2713,6850,105,0,4240,0,0,0,0,0,0,0,0,0,0,0,0,0,0,0,0,0,0,0,0,0,0,0,-11298,0
Non-OECD Europe and Eurasia,x,x,0,0,0,0,0,0,0,0,0,0,0,0,0,0,0,0,0,0,x,-339401,-33441,-3109,-298,-558,21242,0,35023,60163,10,0,15719,180,111374,66148,29294,1920,7581,8775,242,4319,7831,0,0,0,0,0,0,0,0,0,0,0,0,0,0,0,0,0,0,0,0,0,0,0,-6987,0
Non-OECD Asia (excluding China),x,x,0,0,0,0,0,0,0,0,0,0,0,0,0,0,0,0,0,0,x,-521504,-344,-22629,-317,0,23210,0,19347,96057,106,0,46681,7708,201804,37832,47921,800,5726,9898,126,12510,25001,0,0,0,0,0,0,0,0,0,0,0,0,0,0,0,0,0,0,0,0,0,0,0,-10067,0
"China (P.R. of China and Hong Kong, China)",x,x,0,0,0,0,0,0,0,0,0,0,0,0,0,0,0,0,0,0,x,-584773,0,-1640,0,0,20490,0,35598,138898,0,0,42370,1393,186038,19567,46028,1953,1795,24058,2849,15664,35083,0,0,0,0,0,0,0,0,0,0,0,0,0,0,0,0,0,0,0,0,0,0,0,-14630,0
World marine bunkers,x,x,x,x,x,x,x,x,x,x,x,x,x,x,x,x,x,x,x,x,x,x,x,x,x,x,x,x,x,x,x,x,x,x,x,x,x,x,x,x,x,x,x,x,x,x,x,x,x,x,x,x,x,x,x,x,x,x,x,x,x,x,x,x,x,x,x,x
World aviation bunkers,x,x,x,x,x,x,x,x,x,x,x,x,x,x,x,x,x,x,x,x,x,x,x,x,x,x,x,x,x,x,x,x,x,x,x,x,x,x,x,x,x,x,x,x,x,x,x,x,x,x,x,x,x,x,x,x,x,x,x,x,x,x,x,x,x,x,x,x
Albania,x,x,0,0,0,0,0,0,0,0,0,0,0,0,0,0,0,0,0,0,x,-513,0,0,0,0,23,0,0,0,0,0,0,0,161,0,42,0,0,72,0,81,98,0,0,0,0,0,0,0,0,0,0,0,0,0,0,0,0,0,0,0,0,0,0,0,-37,0
Algeria,x,x,0,0,0,0,0,0,0,0,0,0,0,0,0,0,0,0,0,0,x,-26679,-5371,0,0,0,378,0,877,2725,0,0,1663,18,8829,6147,8752,0,65,125,0,0,177,0,0,0,0,0,0,0,0,0,0,0,0,0,0,0,0,0,0,0,0,0,0,0,-2294,0
Angola,x,x,0,0,0,0,0,0,0,0,0,0,0,0,0,0,0,0,0,0,x,-2525,0,0,0,0,85,0,31,37,0,0,372,54,628,955,298,0,0,15,0,0,0,0,0,0,0,0,0,0,0,0,0,0,0,0,0,0,0,0,0,0,0,0,0,0,-49,0
Argentina,x,x,0,0,0,0,0,0,0,0,0,0,0,0,0,0,0,0,0,0,x,-24933,0,-1865,-393,0,1201,0,1104,5766,0,0,1505,11,8725,2933,1828,248,382,621,8,1005,169,0,0,0,0,0,0,0,0,0,0,0,0,0,0,0,0,0,0,0,0,0,0,0,-1686,0
Armenia,x,x,0,0,0,0,0,0,0,0,0,0,0,0,0,0,0,0,0,0,x,0,0,0,0,0,0,0,0,0,0,0,0,0,0,0,0,0,0,0,0,0,0,0,0,0,0,0,0,0,0,0,0,0,0,0,0,0,0,0,0,0,0,0,0,0,0,0
Australia,x,x,0,0,0,0,0,0,0,0,0,0,0,0,0,0,0,0,0,0,x,-21774,0,-1594,0,0,869,0,590,8661,38,0,2982,7,7403,655,328,68,0,115,0,302,76,0,0,0,0,0,0,0,0,0,0,0,0,0,0,0,0,0,0,0,0,0,0,0,-1273,0
Austria,x,x,0,0,0,0,0,0,0,0,0,0,0,0,0,0,0,0,0,0,x,-8186,-37,-553,0,0,310,0,112,1779,1,0,629,15,3842,802,844,0,0,285,0,45,26,0,0,0,0,0,0,0,0,0,0,0,0,0,0,0,0,0,0,0,0,0,0,0,-86,0
Azerbaijan,x,x,0,0,0,0,0,0,0,0,0,0,0,0,0,0,0,0,0,0,x,-5658,-299,0,0,0,253,0,220,1277,0,0,604,0,1881,226,177,0,39,221,0,173,514,0,0,0,0,0,0,0,0,0,0,0,0,0,0,0,0,0,0,0,0,0,0,0,-371,0
Bahrain,x,x,0,0,0,0,0,0,0,0,0,0,0,0,0,0,0,0,0,0,x,-13413,0,0,0,0,205,0,80,793,0,0,3233,19,4194,2625,1651,0,415,277,0,0,0,0,0,0,0,0,0,0,0,0,0,0,0,0,0,0,0,0,0,0,0,0,0,0,78,0
Bangladesh,x,x,0,0,0,0,0,0,0,0,0,0,0,0,0,0,0,0,0,0,x,-1375,-261,0,0,0,18,0,13,49,0,0,1,158,563,359,165,6,19,52,0,0,17,0,0,0,0,0,0,0,0,0,0,0,0,0,0,0,0,0,0,0,0,0,0,0,-216,0
Belarus,x,x,0,0,0,0,0,0,0,0,0,0,0,0,0,0,0,0,0,0,x,-18252,0,-601,0,0,729,0,425,3658,0,0,412,7,6657,4884,0,0,0,794,0,0,1004,0,0,0,0,0,0,0,0,0,0,0,0,0,0,0,0,0,0,0,0,0,0,0,-282,0
Belgium,x,x,0,0,0,0,0,0,0,0,0,0,0,0,0,0,0,0,0,0,x,-34353,0,-1432,0,0,1083,0,811,4843,0,0,1994,32,13068,7154,2437,0,0,368,0,233,3533,0,0,0,0,0,0,0,0,0,0,0,0,0,0,0,0,0,0,0,0,0,0,0,-229,0
Benin,x,x,0,0,0,0,0,0,0,0,0,0,0,0,0,0,0,0,0,0,x,0,0,0,0,0,0,0,0,0,0,0,0,0,0,0,0,0,0,0,0,0,0,0,0,0,0,0,0,0,0,0,0,0,0,0,0,0,0,0,0,0,0,0,0,0,0,0
Plurinational State of Bolivia,x,x,0,0,0,0,0,0,0,0,0,0,0,0,0,0,0,0,0,0,x,-2201,-593,0,0,0,0,0,118,1107,4,0,198,16,770,78,0,54,25,2,0,0,0,0,0,0,0,0,0,0,0,0,0,0,0,0,0,0,0,0,0,0,0,0,0,0,-422,0
Bosnia and Herzegovina,x,x,0,0,0,0,0,0,0,0,0,0,0,0,0,0,0,0,0,0,x,-896,0,0,0,0,19,0,26,149,0,0,0,0,372,77,7,0,51,159,0,0,5,0,0,0,0,0,0,0,0,0,0,0,0,0,0,0,0,0,0,0,0,0,0,0,-30,0
Botswana,x,x,0,0,0,0,0,0,0,0,0,0,0,0,0,0,0,0,0,0,x,0,0,0,0,0,0,0,0,0,0,0,0,0,0,0,0,0,0,0,0,0,0,0,0,0,0,0,0,0,0,0,0,0,0,0,0,0,0,0,0,0,0,0,0,0,0,0
Brazil,x,x,0,0,0,0,0,0,0,0,0,0,0,0,0,0,0,0,0,0,x,-87239,-1155,-6692,0,-1351,4496,0,4688,21300,46,0,5071,5,34466,11730,2388,0,645,1983,0,4288,4786,0,0,0,0,0,0,0,0,0,0,0,0,0,0,0,0,0,0,0,0,0,0,0,-545,0
Brunei Darussalam,x,x,0,0,0,0,0,0,0,0,0,0,0,0,0,0,0,0,0,0,x,-202,-83,0,-6,0,4,0,0,78,0,0,49,6,107,0,0,0,0,0,0,0,0,0,0,0,0,0,0,0,0,0,0,0,0,0,0,0,0,0,0,0,0,0,0,0,-47,0
Bulgaria,x,x,0,0,0,0,0,0,0,0,0,0,0,0,0,0,0,0,0,0,x,-6893,0,-596,-16,-188,391,0,131,1942,0,0,272,0,3085,930,471,4,0,15,0,75,9,0,0,0,0,0,0,0,0,0,0,0,0,0,0,0,0,0,0,0,0,0,0,0,-369,0
Cambodia,x,x,0,0,0,0,0,0,0,0,0,0,0,0,0,0,0,0,0,0,x,0,0,0,0,0,0,0,0,0,0,0,0,0,0,0,0,0,0,0,0,0,0,0,0,0,0,0,0,0,0,0,0,0,0,0,0,0,0,0,0,0,0,0,0,0,0,0
Cameroon,x,x,0,0,0,0,0,0,0,0,0,0,0,0,0,0,0,0,0,0,x,-1506,0,0,0,0,63,0,12,257,0,0,93,104,487,213,0,0,0,0,0,0,122,0,0,0,0,0,0,0,0,0,0,0,0,0,0,0,0,0,0,0,0,0,0,0,-155,0
Canada,x,x,0,0,0,0,0,0,0,0,0,0,0,0,0,0,0,0,0,0,x,-64388,-1512,-8257,0,-25347,3039,0,1722,35556,71,0,5960,791,32832,4550,1880,132,1041,4945,0,968,2561,0,0,0,0,0,0,0,0,0,0,0,0,0,0,0,0,0,0,0,0,0,0,0,-3456,0
Chile,x,x,0,0,0,0,0,0,0,0,0,0,0,0,0,0,0,0,0,0,x,-8906,0,-991,-179,-39,243,0,324,3269,5,0,627,169,3178,1123,80,0,0,0,0,341,553,0,0,0,0,0,0,0,0,0,0,0,0,0,0,0,0,0,0,0,0,0,0,0,-205,0
People's Republic of China,x,x,0,0,0,..,..,0,0,0,0,0,0,0,0,0,0,0,0,0,x,-584773,0,-1640,0,0,20490,0,35598,138898,0,0,42370,1393,186038,19567,46028,1953,1795,24058,2849,15664,35083,0,0,0,0,0,0,0,0,0,0,0,0,0,0,0,0,0,0,0,0,0,0,0,-14630,0
Colombia,x,x,0,0,0,0,0,0,0,0,0,0,0,0,0,0,0,0,0,0,x,-18488,0,0,0,0,316,0,607,3414,14,0,1275,40,5870,3236,1150,0,142,260,35,521,989,0,0,0,0,0,0,0,0,0,0,0,0,0,0,0,0,0,0,0,0,0,0,0,-618,0
Republic of the Congo,x,x,0,0,0,0,0,0,0,0,0,0,0,0,0,0,0,0,0,0,x,-834,-26,0,0,0,0,0,9,68,0,0,40,7,222,343,10,0,0,0,0,0,18,0,0,0,0,0,0,0,0,0,0,0,0,0,0,0,0,0,0,0,0,0,0,0,-143,0
Costa Rica,x,x,0,0,0,0,0,0,0,0,0,0,0,0,0,0,0,0,0,0,x,0,0,0,0,0,0,0,0,0,0,0,0,0,0,0,0,0,0,0,0,0,0,0,0,0,0,0,0,0,0,0,0,0,0,0,0,0,0,0,0,0,0,0,0,0,0,0
Côte d'Ivoire,x,x,0,0,0,0,0,0,0,0,0,0,0,0,0,0,0,0,0,0,x,-2301,0,-1054,0,0,22,0,18,741,0,0,675,0,1279,304,0,0,36,232,0,0,0,0,0,0,0,0,0,0,0,0,0,0,0,0,0,0,0,0,0,0,0,0,0,0,-48,0
Croatia,x,x,0,0,0,0,0,0,0,0,0,0,0,0,0,0,0,0,0,0,x,-3553,-24,-317,-65,-78,218,0,265,1056,0,0,134,0,1518,551,54,0,11,0,0,56,110,0,0,0,0,0,0,0,0,0,0,0,0,0,0,0,0,0,0,0,0,0,0,0,-62,0
Cuba,x,x,0,0,0,0,0,0,0,0,0,0,0,0,0,0,0,0,0,0,x,-2675,0,0,0,0,3,0,29,149,0,0,71,3,736,1216,119,0,50,56,0,1,65,0,0,0,0,0,0,0,0,0,0,0,0,0,0,0,0,0,0,0,0,0,0,0,-177,0
Curaçao/Netherlands Antilles,x,x,0,0,0,0,0,0,0,0,0,0,0,0,0,0,0,0,0,0,x,-4387,0,-258,0,0,113,0,27,1185,9,0,304,0,883,1389,105,0,60,66,0,68,170,0,0,0,0,0,0,0,0,0,0,0,0,0,0,0,0,0,0,0,0,0,0,0,-266,0
Cyprus,x,x,0,0,0,0,0,0,0,0,0,0,0,0,0,0,0,0,0,0,x,0,0,0,0,0,0,0,0,0,0,0,0,0,0,0,0,0,0,0,0,0,0,0,0,0,0,0,0,0,0,0,0,0,0,0,0,0,0,0,0,0,0,0,0,0,0,0
Czech Republic,x,x,0,0,0,0,0,0,0,0,0,0,0,0,0,0,0,0,0,0,x,-7977,0,-226,-116,0,171,0,393,1598,0,0,185,0,3462,161,883,0,85,513,11,78,781,0,0,0,0,0,0,0,0,0,0,0,0,0,0,0,0,0,0,0,0,0,0,0,4,0
Democratic People's Republic of Korea,x,x,0,0,0,0,0,0,0,0,0,0,0,0,0,0,0,0,0,0,x,-536,0,0,0,0,0,0,0,191,0,0,0,39,198,105,0,0,0,0,0,0,0,0,0,0,0,0,0,0,0,0,0,0,0,0,0,0,0,0,0,0,0,0,0,0,-4,0
Democratic Republic of the Congo,x,x,0,0,0,0,0,0,0,0,0,0,0,0,0,0,0,0,0,0,x,0,0,0,0,0,0,0,0,0,0,0,0,0,0,0,0,0,0,0,0,0,0,0,0,0,0,0,0,0,0,0,0,0,0,0,0,0,0,0,0,0,0,0,0,0,0,0
Denmark,x,x,0,0,0,0,0,0,0,0,0,0,0,0,0,0,0,0,0,0,x,-7713,0,-1312,0,0,362,0,129,2355,0,0,125,0,4422,1554,0,0,0,0,0,0,0,0,0,0,0,0,0,0,0,0,0,0,0,0,0,0,0,0,0,0,0,0,0,0,-78,0
Dominican Republic,x,x,0,0,0,0,0,0,0,0,0,0,0,0,0,0,0,0,0,0,x,-999,0,0,0,0,10,0,12,67,0,0,161,7,275,242,136,0,0,0,0,0,0,0,0,0,0,0,0,0,0,0,0,0,0,0,0,0,0,0,0,0,0,0,0,0,-89,0
Ecuador,x,x,0,0,0,0,0,0,0,0,0,0,0,0,0,0,0,0,0,0,x,-8680,0,0,0,0,2,0,186,1510,0,0,355,62,1949,3781,0,23,9,229,0,0,0,0,0,0,0,0,0,0,0,0,0,0,0,0,0,0,0,0,0,0,0,0,0,0,-576,0
Egypt,x,x,0,0,0,0,0,0,0,0,0,0,0,0,0,0,0,0,0,0,x,-26170,0,0,0,0,148,0,646,5165,0,0,2357,36,8144,7236,482,0,283,582,0,187,339,0,0,0,0,0,0,0,0,0,0,0,0,0,0,0,0,0,0,0,0,0,0,0,-567,0
El Salvador,x,x,0,0,0,0,0,0,0,0,0,0,0,0,0,0,0,0,0,0,x,0,0,0,0,0,0,0,0,0,0,0,0,0,0,0,0,0,0,0,0,0,0,0,0,0,0,0,0,0,0,0,0,0,0,0,0,0,0,0,0,0,0,0,0,0,0,0
Equatorial Guinea,x,x,0,0,0,0,0,0,0,0,0,0,0,0,0,0,0,0,0,0,x,0,0,0,0,0,0,0,0,0,0,0,0,0,0,0,0,0,0,0,0,0,0,0,0,0,0,0,0,0,0,0,0,0,0,0,0,0,0,0,0,0,0,0,0,0,0,0
Eritrea,x,x,0,0,0,0,0,0,0,0,0,0,0,0,0,0,0,0,0,0,x,0,0,0,0,0,0,0,0,0,0,0,0,0,0,0,0,0,0,0,0,0,0,0,0,0,0,0,0,0,0,0,0,0,0,0,0,0,0,0,0,0,0,0,0,0,0,0
Estonia,x,x,0,0,0,0,0,0,0,0,0,0,0,0,0,0,0,0,0,0,x,0,0,0,0,0,0,0,0,0,0,0,0,0,0,0,0,0,0,0,0,0,0,0,0,0,0,0,0,0,0,0,0,0,0,0,0,0,0,0,0,0,0,0,0,0,0,0
Ethiopia,x,x,0,0,0,0,0,0,0,0,0,0,0,0,0,0,0,0,0,0,x,0,0,0,0,0,0,0,0,0,0,0,0,0,0,0,0,0,0,0,0,0,0,0,0,0,0,0,0,0,0,0,0,0,0,0,0,0,0,0,0,0,0,0,0,0,0,0
Finland,x,x,0,0,0,0,0,0,0,0,0,0,0,0,0,0,0,0,0,0,x,-11460,-1337,-2060,-51,-244,677,0,313,4627,0,0,775,0,6416,1542,108,135,297,129,0,89,5,0,0,0,0,0,0,0,0,0,0,0,0,0,0,0,0,0,0,0,0,0,0,0,-35,0
France,x,x,0,0,0,0,0,0,0,0,0,0,0,0,0,0,0,0,0,0,x,-58481,-136,-2458,0,0,1516,24,1778,11880,0,0,4372,0,25227,6117,5571,60,721,1907,93,371,920,0,0,0,0,0,0,0,0,0,0,0,0,0,0,0,0,0,0,0,0,0,0,0,-519,0
Gabon,x,x,0,0,0,0,0,0,0,0,0,0,0,0,0,0,0,0,0,0,x,-826,0,0,0,0,0,0,46,34,0,0,39,23,263,380,0,0,11,2,0,0,0,0,0,0,0,0,0,0,0,0,0,0,0,0,0,0,0,0,0,0,0,0,0,0,-29,0
Georgia,x,x,0,0,0,0,0,0,0,0,0,0,0,0,0,0,0,0,0,0,x,-25,0,0,0,0,0,0,0,2,0,0,0,0,10,9,3,0,0,0,0,0,0,0,0,0,0,0,0,0,0,0,0,0,0,0,0,0,0,0,0,0,0,0,0,0,-1,0
Germany,x,x,0,0,0,0,0,0,0,0,0,0,0,0,0,0,0,0,0,0,x,-94614,0,-9434,-1279,0,4789,0,3756,20815,0,0,5492,9,44191,7047,8024,270,2516,3995,90,1461,1331,0,0,0,0,0,0,0,0,0,0,0,0,0,0,0,0,0,0,0,0,0,0,0,-1542,0
Ghana,x,x,0,0,0,0,0,0,0,0,0,0,0,0,0,0,0,0,0,0,x,-25,0,0,0,0,1,0,0,7,0,0,0,2,6,1,0,0,0,0,0,0,0,0,0,0,0,0,0,0,0,0,0,0,0,0,0,0,0,0,0,0,0,0,0,0,-7,0
Gibraltar,x,x,0,0,0,0,0,0,0,0,0,0,0,0,0,0,0,0,0,0,x,0,0,0,0,0,0,0,0,0,0,0,0,0,0,0,0,0,0,0,0,0,0,0,0,0,0,0,0,0,0,0,0,0,0,0,0,0,0,0,0,0,0,0,0,0,0,0
Greece,x,x,0,0,0,0,0,0,0,0,0,0,0,0,0,0,0,0,0,0,x,-23664,0,-7436,-208,0,785,0,920,5560,0,0,2497,0,10986,6714,1698,0,250,845,0,369,1397,0,0,0,0,0,0,0,0,0,0,0,0,0,0,0,0,0,0,0,0,0,0,0,714,0
Guatemala,x,x,0,0,0,0,0,0,0,0,0,0,0,0,0,0,0,0,0,0,x,-97,0,0,0,0,0,0,0,0,0,0,0,0,47,0,0,0,0,41,0,0,0,0,0,0,0,0,0,0,0,0,0,0,0,0,0,0,0,0,0,0,0,0,0,0,-9,0
Haiti,x,x,0,0,0,0,0,0,0,0,0,0,0,0,0,0,0,0,0,0,x,0,0,0,0,0,0,0,0,0,0,0,0,0,0,0,0,0,0,0,0,0,0,0,0,0,0,0,0,0,0,0,0,0,0,0,0,0,0,0,0,0,0,0,0,0,0,0
Honduras,x,x,0,0,0,0,0,0,0,0,0,0,0,0,0,0,0,0,0,0,x,0,0,0,0,0,0,0,0,0,0,0,0,0,0,0,0,0,0,0,0,0,0,0,0,0,0,0,0,0,0,0,0,0,0,0,0,0,0,0,0,0,0,0,0,0,0,0
Hong Kong (China),x,x,0,0,0,0,0,0,0,0,0,0,0,0,0,0,0,0,0,0,x,0,0,0,0,0,0,0,0,0,0,0,0,0,0,0,0,0,0,0,0,0,0,0,0,0,0,0,0,0,0,0,0,0,0,0,0,0,0,0,0,0,0,0,0,0,0,0
Hungary,x,x,0,0,0,0,0,0,0,0,0,0,0,0,0,0,0,0,0,0,x,-6514,-134,-488,-50,-32,206,0,109,1075,0,0,242,0,3147,75,906,25,133,410,40,236,611,0,0,0,0,0,0,0,0,0,0,0,0,0,0,0,0,0,0,0,0,0,0,0,-2,0
Iceland,x,x,0,0,0,0,0,0,0,0,0,0,0,0,0,0,0,0,0,0,x,0,0,0,0,0,0,0,0,0,0,0,0,0,0,0,0,0,0,0,0,0,0,0,0,0,0,0,0,0,0,0,0,0,0,0,0,0,0,0,0,0,0,0,0,0,0,0
India,x,x,0,0,0,0,0,0,0,0,0,0,0,0,0,0,0,0,0,0,x,-257477,0,-8042,0,0,15766,0,11489,40430,0,0,15540,4560,112162,8660,20191,0,1039,4916,99,11277,15833,0,0,0,0,0,0,0,0,0,0,0,0,0,0,0,0,0,0,0,0,0,0,0,-3558,0
Indonesia,x,x,0,0,0,0,0,0,0,0,0,0,0,0,0,0,0,0,0,0,x,-43904,0,-7171,0,0,771,0,978,12277,0,0,3079,816,18826,6400,2360,0,348,174,0,0,2909,0,0,0,0,0,0,0,0,0,0,0,0,0,0,0,0,0,0,0,0,0,0,0,-2139,0
Islamic Republic of Iran,x,x,0,0,0,0,0,0,0,0,0,0,0,0,0,0,0,0,0,0,x,-87991,-2483,-224,-1579,0,1816,0,2453,18271,0,0,1648,2950,29241,21098,3224,556,1767,4447,0,0,719,0,0,0,0,0,0,0,0,0,0,0,0,0,0,0,0,0,0,0,0,0,0,0,-4089,0
Iraq,x,x,0,0,0,0,0,0,0,0,0,0,0,0,0,0,0,0,0,0,x,-26831,-421,0,0,0,184,0,196,2656,0,0,263,1460,4207,13888,614,0,52,130,105,0,0,0,0,0,0,0,0,0,0,0,0,0,0,0,0,0,0,0,0,0,0,0,0,0,-3496,0
Ireland,x,x,0,0,0,0,0,0,0,0,0,0,0,0,0,0,0,0,0,0,x,-3255,0,-10,0,0,89,0,54,577,0,0,0,163,1235,1002,99,0,0,0,0,0,0,0,0,0,0,0,0,0,0,0,0,0,0,0,0,0,0,0,0,0,0,0,0,0,-46,0
Israel,x,x,0,0,0,0,0,0,0,0,0,0,0,0,0,0,0,0,0,0,x,-11305,0,-3046,0,-114,654,0,409,2960,0,0,1201,..,4787,2561,1291,0,0,288,0,0,438,0,0,0,0,0,0,0,0,0,0,0,0,0,0,0,0,0,0,0,0,0,0,0,122,0
Italy,x,x,0,0,0,0,0,0,0,0,0,0,0,0,0,0,0,0,0,0,x,-69656,0,-5571,-443,0,3214,0,1481,16477,1,0,2277,500,30038,8132,6716,4,1559,2582,139,790,2449,0,0,0,0,0,0,0,0,0,0,0,0,0,0,0,0,0,0,0,0,0,0,0,688,0
Jamaica,x,x,0,0,0,0,0,0,0,0,0,0,0,0,0,0,0,0,0,0,x,-1025,0,0,0,0,0,0,14,136,0,0,45,5,112,646,0,0,0,16,0,0,0,0,0,0,0,0,0,0,0,0,0,0,0,0,0,0,0,0,0,0,0,0,0,0,-51,0
Japan,x,x,0,0,0,0,0,0,0,0,0,0,0,0,0,0,0,0,0,0,x,-155574,-2223,-4180,0,0,8170,0,5031,41712,2,0,12222,13112,46417,15608,13594,74,2007,2828,61,1065,2123,0,0,0,0,0,0,0,0,0,0,0,0,0,0,0,0,0,0,0,0,0,0,0,2046,0
Jordan,x,x,0,0,0,0,0,0,0,0,0,0,0,0,0,0,0,0,0,0,x,-2867,0,0,0,0,0,0,89,596,8,0,298,56,874,541,0,0,23,39,0,0,0,0,0,0,0,0,0,0,0,0,0,0,0,0,0,0,0,0,0,0,0,0,0,0,-343,0
Kazakhstan,x,x,0,0,0,0,0,0,0,0,0,0,0,0,0,0,0,0,0,0,x,-15088,0,0,0,0,190,0,1018,3211,3,0,307,0,4428,3215,0,0,24,754,0,362,0,0,0,0,0,0,0,0,0,0,0,0,0,0,0,0,0,0,0,0,0,0,0,0,-1577,0
Kenya,x,x,0,0,0,0,0,0,0,0,0,0,0,0,0,0,0,0,0,0,x,0,0,0,0,0,0,0,0,0,0,0,0,0,0,0,0,0,0,0,0,0,0,0,0,0,0,0,0,0,0,0,0,0,0,0,0,0,0,0,0,0,0,0,0,0,0,0
Korea,x,x,0,0,0,0,0,0,0,0,0,0,0,0,0,0,0,0,0,0,x,-152824,0,-11631,0,0,4401,0,3159,19540,21,0,23302,2789,47397,10047,36481,520,2815,4805,17,326,2729,0,0,0,0,0,0,0,0,0,0,0,0,0,0,0,0,0,0,0,0,0,0,0,-6106,0
Kosovo,x,x,0,0,0,0,0,0,0,0,0,0,0,0,0,0,0,0,0,0,x,0,0,0,0,0,0,0,0,0,0,0,0,0,0,0,0,0,0,0,0,0,0,0,0,0,0,0,0,0,0,0,0,0,0,0,0,0,0,0,0,0,0,0,0,0,0,0
Kuwait,x,x,0,0,0,0,0,0,0,0,0,0,0,0,0,0,0,0,0,0,x,-34354,0,0,0,0,356,0,213,2261,0,0,1843,4563,8766,8376,6099,0,0,110,0,0,433,0,0,0,0,0,0,0,0,0,0,0,0,0,0,0,0,0,0,0,0,0,0,0,-1333,0
Kyrgyzstan,x,x,0,0,0,0,0,0,0,0,0,0,0,0,0,0,0,0,0,0,x,-447,0,0,0,0,0,0,48,247,0,0,0,0,91,60,0,0,0,0,0,0,0,0,0,0,0,0,0,0,0,0,0,0,0,0,0,0,0,0,0,0,0,0,0,0,-1,0
Lao People's Democratic Republic,x,x,0,0,0,0,0,0,0,0,0,0,0,0,0,0,0,0,0,0,x,0,0,0,0,0,0,0,0,0,0,0,0,0,0,0,0,0,0,0,0,0,0,0,0,0,0,0,0,0,0,0,0,0,0,0,0,0,0,0,0,0,0,0,0,0,0,0
Latvia,x,x,0,0,0,0,0,0,0,0,0,0,0,0,0,0,0,0,0,0,x,0,0,0,0,0,0,0,0,0,0,0,0,0,0,0,0,0,0,0,0,0,0,0,0,0,0,0,0,0,0,0,0,0,0,0,0,0,0,0,0,0,0,0,0,0,0,0
Lebanon,x,x,0,0,0,0,0,0,0,0,0,0,0,0,0,0,0,0,0,0,x,0,0,0,0,0,0,0,0,0,0,0,0,0,0,0,0,0,0,0,0,0,0,0,0,0,0,0,0,0,0,0,0,0,0,0,0,0,0,0,0,0,0,0,0,0,0,0
Libya,x,x,0,0,0,0,0,0,0,0,0,0,0,0,0,0,0,0,0,0,x,-4965,0,0,0,0,111,0,49,503,3,0,482,25,1377,1607,717,0,0,23,0,0,5,0,0,0,0,0,0,0,0,0,0,0,0,0,0,0,0,0,0,0,0,0,0,0,-64,0
Lithuania,x,x,0,0,0,0,0,0,0,0,0,0,0,0,0,0,0,0,0,0,x,-9926,0,-251,-55,0,417,0,398,2878,0,0,1088,0,3390,1613,0,0,66,195,0,91,90,0,0,0,0,0,0,0,0,0,0,0,0,0,0,0,0,0,0,0,0,0,0,0,-7,0
Luxembourg,x,x,0,0,0,0,0,0,0,0,0,0,0,0,0,0,0,0,0,0,x,0,0,0,0,0,0,0,0,0,0,0,0,0,0,0,0,0,0,0,0,0,0,0,0,0,0,0,0,0,0,0,0,0,0,0,0,0,0,0,0,0,0,0,0,0,0,0
Malaysia,x,x,0,0,0,0,0,0,0,0,0,0,0,0,0,0,0,0,0,0,x,-27252,0,-63,0,0,184,0,832,8253,0,0,3255,10,9877,1725,0,0,0,0,0,0,3100,0,0,0,0,0,0,0,0,0,0,0,0,0,0,0,0,0,0,0,0,0,0,0,-79,0
Malta,x,x,0,0,0,0,0,0,0,0,0,0,0,0,0,0,0,0,0,0,x,0,0,0,0,0,0,0,0,0,0,0,0,0,0,0,0,0,0,0,0,0,0,0,0,0,0,0,0,0,0,0,0,0,0,0,0,0,0,0,0,0,0,0,0,0,0,0
Mauritius,x,x,0,0,0,0,0,0,0,0,0,0,0,0,0,0,0,0,0,0,x,0,0,0,0,0,0,0,0,0,0,0,0,0,0,0,0,0,0,0,0,0,0,0,0,0,0,0,0,0,0,0,0,0,0,0,0,0,0,0,0,0,0,0,0,0,0,0
Mexico,x,x,0,0,0,0,0,0,0,0,0,0,0,0,0,0,0,0,0,0,x,-44676,-1845,-306,-246,-33,2809,0,569,11465,0,0,2007,0,11360,11868,2624,0,99,916,19,1266,103,0,0,0,0,0,0,0,0,0,0,0,0,0,0,0,0,0,0,0,0,0,0,0,-2001,0
Republic of Moldova,x,x,0,0,0,0,0,0,0,0,0,0,0,0,0,0,0,0,0,0,x,-4,0,-12,0,0,0,0,0,0,0,0,0,0,1,11,0,0,0,0,0,0,3,0,0,0,0,0,0,0,0,0,0,0,0,0,0,0,0,0,0,0,0,0,0,0,-1,0
Mongolia,x,x,0,0,0,0,0,0,0,0,0,0,0,0,0,0,0,0,0,0,x,0,0,0,0,0,0,0,0,0,0,0,0,0,0,0,0,0,0,0,0,0,0,0,0,0,0,0,0,0,0,0,0,0,0,0,0,0,0,0,0,0,0,0,0,0,0,0
Montenegro,x,x,0,0,0,0,0,0,0,0,0,0,0,0,0,0,0,0,0,0,x,0,0,0,0,0,0,0,0,0,0,0,0,0,0,0,0,0,0,0,0,0,0,0,0,0,0,0,0,0,0,0,0,0,0,0,0,0,0,0,0,0,0,0,0,0,0,0
Morocco,x,x,0,0,0,0,0,0,0,0,0,0,0,0,0,0,0,0,0,0,x,0,0,0,0,0,0,0,0,0,0,0,0,0,0,0,0,0,0,0,0,0,0,0,0,0,0,0,0,0,0,0,0,0,0,0,0,0,0,0,0,0,0,0,0,0,0,0
Mozambique,x,x,0,0,0,0,0,0,0,0,0,0,0,0,0,0,0,0,0,0,x,0,0,0,0,0,0,0,0,0,0,0,0,0,0,0,0,0,0,0,0,0,0,0,0,0,0,0,0,0,0,0,0,0,0,0,0,0,0,0,0,0,0,0,0,0,0,0
Myanmar,x,x,0,0,0,0,0,0,0,0,0,0,0,0,0,0,0,0,0,0,x,-287,0,0,0,0,0,0,6,69,0,0,11,0,135,47,4,0,0,0,0,9,5,0,0,0,0,0,0,0,0,0,0,0,0,0,0,0,0,0,0,0,0,0,0,0,-1,0
Namibia,x,x,0,0,0,0,0,0,0,0,0,0,0,0,0,0,0,0,0,0,x,0,0,0,0,0,0,0,0,0,0,0,0,0,0,0,0,0,0,0,0,0,0,0,0,0,0,0,0,0,0,0,0,0,0,0,0,0,0,0,0,0,0,0,0,0,0,0
Nepal,x,x,0,0,0,0,0,0,0,0,0,0,0,0,0,0,0,0,0,0,x,0,0,0,0,0,0,0,0,0,0,0,0,0,0,0,0,0,0,0,0,0,0,0,0,0,0,0,0,0,0,0,0,0,0,0,0,0,0,0,0,0,0,0,0,0,0,0
Netherlands,x,x,0,0,0,0,0,0,0,0,0,0,0,0,0,0,0,0,0,0,x,-53814,-4352,-3009,-81,0,2482,0,1711,3101,67,0,7795,409,19483,11163,11553,126,0,201,75,296,2272,0,0,0,0,0,0,0,0,0,0,0,0,0,0,0,0,0,0,0,0,0,0,0,-524,0
New Zealand,x,x,0,0,0,0,0,0,0,0,0,0,0,0,0,0,0,0,0,0,x,-5522,0,-168,0,0,303,0,0,1415,0,0,1298,0,1976,443,0,0,0,72,0,0,72,0,0,0,0,0,0,0,0,0,0,0,0,0,0,0,0,0,0,0,0,0,0,0,-112,0
Nicaragua,x,x,0,0,0,0,0,0,0,0,0,0,0,0,0,0,0,0,0,0,x,-695,0,0,0,0,20,0,22,106,0,0,29,8,167,314,0,15,0,16,0,0,0,0,0,0,0,0,0,0,0,0,0,0,0,0,0,0,0,0,0,0,0,0,0,0,2,0
Niger,x,x,0,0,0,0,0,0,0,0,0,0,0,0,0,0,0,0,0,0,x,-777,0,0,0,0,0,0,53,251,0,0,0,0,413,16,0,0,0,0,0,0,0,0,0,0,0,0,0,0,0,0,0,0,0,0,0,0,0,0,0,0,0,0,0,0,-44,0
Nigeria,x,x,0,0,0,0,0,0,0,0,0,0,0,0,0,0,0,0,0,0,x,-4100,0,-755,0,0,117,0,89,722,0,0,57,525,931,954,367,0,0,0,0,10,688,0,0,0,0,0,0,0,0,0,0,0,0,0,0,0,0,0,0,0,0,0,0,0,-395,0
Republic of North Macedonia,x,x,0,0,0,0,0,0,0,0,0,0,0,0,0,0,0,0,0,0,x,0,0,0,0,0,0,0,0,0,0,0,0,0,0,0,0,0,0,0,0,0,0,0,0,0,0,0,0,0,0,0,0,0,0,0,0,0,0,0,0,0,0,0,0,0,0,0
Norway,x,x,0,0,0,0,0,0,0,0,0,0,0,0,0,0,0,0,0,0,x,-13879,0,-2767,-60,0,570,0,525,4844,0,0,784,89,6879,1476,1299,0,0,0,0,166,0,0,0,0,0,0,0,0,0,0,0,0,0,0,0,0,0,0,0,0,0,0,0,0,-74,0
Oman,x,x,0,0,0,0,0,0,0,0,0,0,0,0,0,0,0,0,0,0,x,-11582,0,-1253,-224,0,130,0,474,3199,0,0,982,5,3445,2461,1009,0,57,0,0,0,401,0,0,0,0,0,0,0,0,0,0,0,0,0,0,0,0,0,0,0,0,0,0,0,-896,0
Pakistan,x,x,0,0,0,0,0,0,0,0,0,0,0,0,0,0,0,0,0,0,x,-14371,0,0,-52,0,0,0,231,2579,106,0,765,118,5572,3354,860,0,181,271,0,0,58,0,0,0,0,0,0,0,0,0,0,0,0,0,0,0,0,0,0,0,0,0,0,0,-329,0
Panama,x,x,0,0,0,0,0,0,0,0,0,0,0,0,0,0,0,0,0,0,x,0,0,0,0,0,0,0,0,0,0,0,0,0,0,0,0,0,0,0,0,0,0,0,0,0,0,0,0,0,0,0,0,0,0,0,0,0,0,0,0,0,0,0,0,0,0,0
Paraguay,x,x,0,0,0,0,0,0,0,0,0,0,0,0,0,0,0,0,0,0,x,0,0,0,0,0,0,0,0,0,0,0,0,0,0,0,0,0,0,0,0,0,0,0,0,0,0,0,0,0,0,0,0,0,0,0,0,0,0,0,0,0,0,0,0,0,0,0
Peru,x,x,0,0,0,0,0,0,0,0,0,0,0,0,0,0,0,0,0,0,x,-8513,0,-1366,0,0,147,0,213,1908,0,0,606,38,2828,3083,0,0,0,0,0,0,275,0,0,0,0,0,0,0,0,0,0,0,0,0,0,0,0,0,0,0,0,0,0,0,-781,0
Philippines,x,x,0,0,0,0,0,0,0,0,0,0,0,0,0,0,0,0,0,0,x,-10212,0,0,0,0,118,0,479,2310,0,0,901,52,3740,934,1299,0,0,0,0,0,0,0,0,0,0,0,0,0,0,0,0,0,0,0,0,0,0,0,0,0,0,0,0,0,-378,0
Poland,x,x,0,0,0,0,0,0,0,0,0,0,0,0,0,0,0,0,0,0,x,-25517,0,-1484,-58,-593,640,0,599,4116,31,0,1119,0,12092,3283,2034,92,454,1353,73,0,1190,0,0,0,0,0,0,0,0,0,0,0,0,0,0,0,0,0,0,0,0,0,0,0,-575,0
Portugal,x,x,0,0,0,0,0,0,0,0,0,0,0,0,0,0,0,0,0,0,x,-14533,0,-1233,-51,-203,11,0,235,2888,0,0,1397,0,6038,2527,1388,17,136,183,9,0,847,0,0,0,0,0,0,0,0,0,0,0,0,0,0,0,0,0,0,0,0,0,0,0,-342,0
Qatar,x,x,0,0,0,0,0,0,0,0,0,0,0,0,0,0,0,0,0,0,x,-3638,-13257,0,0,0,66,0,375,2073,0,0,4989,0,2041,225,6011,0,0,0,0,0,974,0,0,0,0,0,0,0,0,0,0,0,0,0,0,0,0,0,0,0,0,0,0,0,-142,0
Romania,x,x,0,0,0,0,0,0,0,0,0,0,0,0,0,0,0,0,0,0,x,-11297,-78,-791,-165,-87,926,0,678,3453,0,0,392,1,5754,174,242,131,0,90,0,695,188,0,0,0,0,0,0,0,0,0,0,0,0,0,0,0,0,0,0,0,0,0,0,0,303,0
Russian Federation,x,x,0,0,0,0,0,0,0,0,0,0,0,0,0,0,0,0,0,0,x,-258546,-31906,0,0,0,18110,0,30329,39963,6,0,12758,0,81490,53519,27834,1776,7063,6235,240,2849,4820,0,0,0,0,0,0,0,0,0,0,0,0,0,0,0,0,0,0,0,0,0,0,0,-3460,0
Saudi Arabia,x,x,0,0,0,0,0,0,0,0,0,0,0,0,0,0,0,0,0,0,x,-127001,-9031,0,0,0,4940,0,1515,25536,0,0,4603,7607,54612,24527,9392,0,0,1508,0,0,950,0,0,0,0,0,0,0,0,0,0,0,0,0,0,0,0,0,0,0,0,0,0,0,-841,0
Senegal,x,x,0,0,0,0,0,0,0,0,0,0,0,0,0,0,0,0,0,0,x,-1238,0,0,0,0,17,0,3,95,0,0,0,4,651,293,132,0,0,0,0,0,0,0,0,0,0,0,0,0,0,0,0,0,0,0,0,0,0,0,0,0,0,0,0,0,-42,0
Serbia,x,x,0,0,0,0,0,0,0,0,0,0,0,0,0,0,0,0,0,0,x,-3541,-83,-202,-9,-66,62,0,140,524,0,0,160,0,1426,363,464,0,11,335,0,10,188,0,0,0,0,0,0,0,0,0,0,0,0,0,0,0,0,0,0,0,0,0,0,0,-218,0
Singapore,x,x,0,0,0,0,0,0,0,0,0,0,0,0,0,0,0,0,0,0,x,-47497,0,-7288,0,0,3500,0,965,9745,0,0,12638,214,10178,4968,2773,714,3240,2743,27,181,990,0,0,0,0,0,0,0,0,0,0,0,0,0,0,0,0,0,0,0,0,0,0,0,-1907,0
Slovak Republic,x,x,0,0,0,0,0,0,0,0,0,0,0,0,0,0,0,0,0,0,x,-5575,-2,-237,-220,-145,676,0,194,1466,0,0,78,0,2902,347,496,0,0,0,0,45,146,0,0,0,0,0,0,0,0,0,0,0,0,0,0,0,0,0,0,0,0,0,0,0,173,0
Slovenia,x,x,0,0,0,0,0,0,0,0,0,0,0,0,0,0,0,0,0,0,x,0,0,0,0,0,0,0,0,0,0,0,0,0,0,0,0,0,0,0,0,0,0,0,0,0,0,0,0,0,0,0,0,0,0,0,0,0,0,0,0,0,0,0,0,0,0,0
South Africa,x,x,0,0,0,0,0,0,0,0,0,0,0,0,0,0,0,0,0,0,x,-19334,-64,0,0,0,882,0,316,6038,0,0,2120,612,5623,2472,672,86,134,334,9,0,24,0,0,0,0,0,0,0,0,0,0,0,0,0,0,0,0,0,0,0,0,0,0,0,-77,0
South Sudan,x,x,0,0,0,0,0,0,0,0,0,0,0,0,0,0,0,0,0,0,x,0,0,0,0,0,0,0,0,0,0,0,0,0,0,0,0,0,0,0,0,0,0,0,0,0,0,0,0,0,0,0,0,0,0,0,0,0,0,0,0,0,0,0,0,0,0,0
Spain,x,x,0,0,0,0,0,0,0,0,0,0,0,0,0,0,0,0,0,0,x,-66719,0,-799,0,0,2774,0,1539,9564,0,0,194,9551,27618,5285,1438,266,400,2313,84,2922,2234,0,0,0,0,0,0,0,0,0,0,0,0,0,0,0,0,0,0,0,0,0,0,0,-1337,0
Sri Lanka,x,x,0,0,0,0,0,0,0,0,0,0,0,0,0,0,0,0,0,0,x,-1695,0,0,0,0,15,0,21,179,0,0,248,63,531,423,154,1,0,0,0,0,0,0,0,0,0,0,0,0,0,0,0,0,0,0,0,0,0,0,0,0,0,0,0,0,-60,0
Sudan,x,x,0,0,0,0,0,0,0,0,0,0,0,0,0,0,0,0,0,0,x,-4444,0,0,0,0,23,0,223,1361,0,0,117,5,2298,186,4,0,0,0,0,133,0,0,0,0,0,0,0,0,0,0,0,0,0,0,0,0,0,0,0,0,0,0,0,0,-94,0
Suriname,x,x,0,0,0,0,0,0,0,0,0,0,0,0,0,0,0,0,0,0,x,-690,0,0,0,0,0,0,0,73,0,0,0,0,293,308,0,0,0,5,0,0,0,0,0,0,0,0,0,0,0,0,0,0,0,0,0,0,0,0,0,0,0,0,0,0,-10,0
Sweden,x,x,0,0,0,0,0,0,0,0,0,0,0,0,0,0,0,0,0,0,x,-19631,0,-1258,-17,0,867,0,463,4912,0,0,23,0,8223,3831,87,0,379,810,0,45,1720,0,0,0,0,0,0,0,0,0,0,0,0,0,0,0,0,0,0,0,0,0,0,0,454,0
Switzerland,x,x,0,0,0,0,0,0,0,0,0,0,0,0,0,0,0,0,0,0,x,-2942,0,-16,-30,0,143,0,118,681,0,0,7,0,1695,277,1,0,0,0,0,0,35,0,0,0,0,0,0,0,0,0,0,0,0,0,0,0,0,0,0,0,0,0,0,0,-30,0
Syrian Arab Republic,x,x,0,0,0,0,0,0,0,0,0,0,0,0,0,0,0,0,0,0,x,-7892,0,0,0,0,120,0,92,690,0,0,250,3,2535,3077,689,0,29,332,0,0,18,0,0,0,0,0,0,0,0,0,0,0,0,0,0,0,0,0,0,0,0,0,0,0,-58,0
Chinese Taipei,x,x,0,0,0,0,0,0,0,0,0,0,0,0,0,0,0,0,0,0,x,-45851,0,-64,-259,0,2179,0,1226,8847,0,0,3784,2,13398,4997,8453,79,899,475,0,1043,849,0,0,0,0,0,0,0,0,0,0,0,0,0,0,0,0,0,0,0,0,0,0,0,58,0
Tajikistan,x,x,0,0,0,0,0,0,0,0,0,0,0,0,0,0,0,0,0,0,x,-24,0,0,0,0,0,0,0,1,0,0,0,0,10,7,0,0,0,3,0,0,0,0,0,0,0,0,0,0,0,0,0,0,0,0,0,0,0,0,0,0,0,0,0,0,-3,0
United Republic of Tanzania,x,x,0,0,0,0,0,0,0,0,0,0,0,0,0,0,0,0,0,0,x,0,0,0,0,0,0,0,0,0,0,0,0,0,0,0,0,0,0,0,0,0,0,0,0,0,0,0,0,0,0,0,0,0,0,0,0,0,0,0,0,0,0,0,0,0,0,0
Thailand,x,x,0,0,0,0,0,0,0,0,0,0,0,0,0,0,0,0,0,0,x,-63193,0,0,0,0,654,0,2609,8356,0,0,5936,1625,23407,5583,11210,0,0,1267,0,0,1088,0,0,0,0,0,0,0,0,0,0,0,0,0,0,0,0,0,0,0,0,0,0,0,-1457,0
Togo,x,x,0,0,0,0,0,0,0,0,0,0,0,0,0,0,0,0,0,0,x,0,0,0,0,0,0,0,0,0,0,0,0,0,0,0,0,0,0,0,0,0,0,0,0,0,0,0,0,0,0,0,0,0,0,0,0,0,0,0,0,0,0,0,0,0,0,0
Trinidad and Tobago,x,x,0,0,0,0,0,0,0,0,0,0,0,0,0,0,0,0,0,0,x,-6801,0,0,0,0,60,0,71,1713,0,0,542,30,1519,2251,0,0,0,11,0,0,295,0,0,0,0,0,0,0,0,0,0,0,0,0,0,0,0,0,0,0,0,0,0,0,-309,0
Tunisia,x,x,0,0,0,0,0,0,0,0,0,0,0,0,0,0,0,0,0,0,x,-939,0,0,0,0,5,0,21,83,0,0,0,61,323,320,98,12,0,0,0,0,0,0,0,0,0,0,0,0,0,0,0,0,0,0,0,0,0,0,0,0,0,0,0,0,-17,0
Turkey,x,x,0,0,0,0,0,0,0,0,0,0,0,0,0,0,0,0,0,0,x,-29317,0,-3703,-72,-492,1601,0,1115,5639,0,0,4968,20,10661,2854,360,7,188,3257,0,714,876,0,0,0,0,0,0,0,0,0,0,0,0,0,0,0,0,0,0,0,0,0,0,0,-1325,0
Turkmenistan,x,x,0,0,0,0,0,0,0,0,0,0,0,0,0,0,0,0,0,0,x,-8643,-288,0,0,0,133,0,396,2743,0,0,483,154,2818,1615,0,0,0,0,0,0,353,0,0,0,0,0,0,0,0,0,0,0,0,0,0,0,0,0,0,0,0,0,0,0,-237,0
Ukraine,x,x,0,0,0,0,0,0,0,0,0,0,0,0,0,0,0,0,0,0,x,-2283,-763,-589,-31,0,43,0,452,768,0,0,0,0,692,424,0,0,112,34,0,0,483,0,0,0,0,0,0,0,0,0,0,0,0,0,0,0,0,0,0,0,0,0,0,0,-657,0
United Arab Emirates,x,x,0,0,0,0,0,0,0,0,0,0,0,0,0,0,0,0,0,0,x,-33928,-18269,0,0,0,483,0,1174,4086,0,0,13207,0,10784,9225,12260,0,371,0,0,0,744,0,0,0,0,0,0,0,0,0,0,0,0,0,0,0,0,0,0,0,0,0,0,0,139,0
United Kingdom,x,x,0,0,0,0,0,0,0,0,0,0,0,0,0,0,0,0,0,0,x,-55132,-938,-6177,-8,-17,2866,0,2393,18303,0,0,5167,2102,20658,3719,2396,7,444,761,38,1460,973,0,0,0,0,0,0,0,0,0,0,0,0,0,0,0,0,0,0,0,0,0,0,0,-985,0
United States,x,x,0,0,0,0,0,0,0,0,0,0,0,0,0,0,0,0,0,0,x,-838465,-19547,-19870,0,-5075,17583,137,11591,385468,482,0,83426,351,241753,22796,9019,1648,9232,18856,215,45660,11945,0,0,0,0,0,0,0,0,0,0,0,0,0,0,0,0,0,0,0,0,0,0,0,-22795,0
Uruguay,x,x,0,0,0,0,0,0,0,0,0,0,0,0,0,0,0,0,0,0,x,-595,0,0,0,0,21,0,24,158,0,0,32,5,195,103,0,0,0,0,0,9,25,0,0,0,0,0,0,0,0,0,0,0,0,0,0,0,0,0,0,0,0,0,0,0,-23,0
Uzbekistan,x,x,0,0,0,0,0,0,0,0,0,0,0,0,0,0,0,0,0,0,x,-3738,0,0,-13,-139,144,0,894,1169,1,0,199,18,979,85,0,10,268,63,2,18,56,0,0,0,0,0,0,0,0,0,0,0,0,0,0,0,0,0,0,0,0,0,0,0,16,0
Bolivarian Republic of Venezuela,x,x,0,0,0,0,0,0,0,0,0,0,0,0,0,0,0,0,0,0,x,-27377,-4184,-6606,0,0,1643,0,97,8989,0,0,1326,56,7371,10546,2134,0,150,645,11,1137,2376,0,0,0,0,0,0,0,0,0,0,0,0,0,0,0,0,0,0,0,0,0,0,0,-1685,0
Viet Nam,x,x,0,0,0,0,0,0,0,0,0,0,0,0,0,0,0,0,0,0,x,-6220,0,0,0,0,0,0,482,2693,0,0,368,0,2518,135,0,0,0,0,0,0,138,0,0,0,0,0,0,0,0,0,0,0,0,0,0,0,0,0,0,0,0,0,0,0,114,0
Yemen,x,x,0,0,0,0,0,0,0,0,0,0,0,0,0,0,0,0,0,0,x,-1252,0,0,0,0,0,0,69,81,0,0,37,90,258,145,247,0,0,7,0,0,0,0,0,0,0,0,0,0,0,0,0,0,0,0,0,0,0,0,0,0,0,0,0,0,-317,0
Zambia,x,x,0,0,0,0,0,0,0,0,0,0,0,0,0,0,0,0,0,0,x,-530,0,0,0,0,12,0,8,72,0,0,27,27,278,64,0,0,0,0,0,0,10,0,0,0,0,0,0,0,0,0,0,0,0,0,0,0,0,0,0,0,0,0,0,0,-32,0
Zimbabwe,x,x,0,0,0,0,0,0,0,0,0,0,0,0,0,0,0,0,0,0,x,0,0,0,0,0,0,0,0,0,0,0,0,0,0,0,0,0,0,0,0,0,0,0,0,0,0,0,0,0,0,0,0,0,0,0,0,0,0,0,0,0,0,0,0,0,0,0
Former Soviet Union (if no detail),x,x,x,x,x,x,x,x,x,x,x,x,x,x,x,x,x,x,x,x,x,x,x,x,x,x,x,x,x,x,x,x,x,x,x,x,x,x,x,x,x,x,x,x,x,x,x,x,x,x,x,x,x,x,x,x,x,x,x,x,x,x,x,x,x,x,x,x
Former Yugoslavia (if no detail),x,x,x,x,x,x,x,x,x,x,x,x,x,x,x,x,x,x,x,x,x,x,x,x,x,x,x,x,x,x,x,x,x,x,x,x,x,x,x,x,x,x,x,x,x,x,x,x,x,x,x,x,x,x,x,x,x,x,x,x,x,x,x,x,x,x,x,x
Other Africa,x,x,0,0,0,0,0,0,0,0,0,0,0,0,0,0,0,0,0,0,x,-705,0,0,0,0,0,0,58,247,0,0,26,4,301,23,0,0,1,1,0,27,13,0,0,0,0,0,0,0,0,0,0,0,0,0,0,0,0,0,0,0,0,0,0,0,-3,0
Other non-OECD Americas,x,x,0,0,0,0,0,0,0,0,0,0,0,0,0,0,0,0,0,0,x,0,0,0,0,0,0,0,0,0,0,0,0,0,0,0,0,0,0,0,0,0,0,0,0,0,0,0,0,0,0,0,0,0,0,0,0,0,0,0,0,0,0,0,0,0,0,0
Other non-OECD Asia,x,x,0,0,0,0,0,0,0,0,0,0,0,0,0,0,0,0,0,0,x,-1431,0,0,0,0,0,0,16,0,0,0,105,45,592,143,452,0,0,0,0,0,15,0,0,0,0,0,0,0,0,0,0,0,0,0,0,0,0,0,0,0,0,0,0,0,-62,0
Memo: Greenland,x,x,0,0,0,0,0,0,0,0,0,0,0,0,0,0,0,0,0,0,x,0,0,0,0,0,0,0,0,0,0,0,0,0,0,0,0,0,0,0,0,0,0,0,0,0,0,0,0,0,0,0,0,0,0,0,0,0,0,0,0,0,0,0,0,0,0,0
Memo: Guyana,x,x,0,0,0,0,0,0,0,0,0,0,0,0,0,0,0,0,0,0,x,0,0,0,0,0,0,0,0,0,0,0,0,0,0,0,0,0,0,0,0,0,0,0,0,0,0,0,0,0,0,0,0,0,0,0,0,0,0,0,0,0,0,0,0,0,0,0
Memo: Madagascar,x,x,0,0,0,0,0,0,0,0,0,0,0,0,0,0,0,0,0,0,x,0,0,0,0,0,0,0,0,0,0,0,0,0,0,0,0,0,0,0,0,0,0,0,0,0,0,0,0,0,0,0,0,0,0,0,0,0,0,0,0,0,0,0,0,0,0,0
Memo: Mali,x,x,0,0,0,0,0,0,0,0,0,0,0,0,0,0,0,0,0,0,x,0,0,0,0,0,0,0,0,0,0,0,0,0,0,0,0,0,0,0,0,0,0,0,0,0,0,0,0,0,0,0,0,0,0,0,0,0,0,0,0,0,0,0,0,0,0,0
Memo: Palestinian Authority,x,x,0,0,0,0,0,0,0,0,0,0,0,0,0,0,0,0,0,0,x,0,0,0,0,0,0,0,0,0,0,0,0,0,0,0,0,0,0,0,0,0,0,0,0,0,0,0,0,0,0,0,0,0,0,0,0,0,0,0,0,0,0,0,0,0,0,0
Memo: Uganda,x,x,0,0,0,0,0,0,0,0,0,0,0,0,0,0,0,0,0,0,x,0,0,0,0,0,0,0,0,0,0,0,0,0,0,0,0,0,0,0,0,0,0,0,0,0,0,0,0,0,0,0,0,0,0,0,0,0,0,0,0,0,0,0,0,0,0,0
Memo: Africa (UN),x,x,0,0,0,0,0,0,0,0,0,0,0,0,0,0,0,0,0,0,x,-97899,-5462,-1809,0,0,1865,0,2460,18408,3,0,8068,1507,32053,21514,11532,97,529,1314,9,357,1396,0,0,0,0,0,0,0,0,0,0,0,0,0,0,0,0,0,0,0,0,0,0,0,-4059,0
Memo: Americas (UN),x,x,0,0,0,0,0,0,0,0,0,0,0,0,0,0,0,0,0,0,x,-1151829,-28836,-46211,-819,-31845,31706,137,21418,483339,629,0,103538,1597,355331,82194,21462,2120,11835,28667,288,55264,24315,0,0,0,0,0,0,0,0,0,0,0,0,0,0,0,0,0,0,0,0,0,0,0,-35701,0
Memo: Asia (UN),x,x,0,0,0,0,0,0,0,0,0,0,0,0,0,0,0,0,0,0,x,-1838238,-46615,-48307,-2205,-745,67547,0,73947,373699,141,0,163583,41904,627685,179729,186599,3919,15574,53024,3160,30833,71397,0,0,0,0,0,0,0,0,0,0,0,0,0,0,0,0,0,0,0,0,0,0,0,-43368,0
Memo: Europe (UN),x,x,0,0,0,0,0,0,0,0,0,0,0,0,0,0,0,0,0,0,x,-899319,-39790,-51319,-3011,-1652,45169,24,50479,175853,106,0,50367,12880,356169,134752,77092,2912,14691,24584,892,12463,27466,0,0,0,0,0,0,0,0,0,0,0,0,0,0,0,0,0,0,0,0,0,0,0,-9191,0
Memo: Oceania (UN),x,x,0,0,0,0,0,0,0,0,0,0,0,0,0,0,0,0,0,0,x,-28727,0,-1762,0,0,1173,0,606,10076,38,0,4385,52,9971,1241,781,68,0,187,0,302,163,0,0,0,0,0,0,0,0,0,0,0,0,0,0,0,0,0,0,0,0,0,0,0,-1447,0
Memo: OECD Total,x,x,0,0,0,0,0,0,0,0,0,0,0,0,0,0,0,0,0,0,x,-1926292,-32063,-101957,-3223,-32333,64319,161,42542,640024,717,0,174233,30110,662778,146324,113635,3451,22823,52932,964,59339,42034,0,0,0,0,0,0,0,0,0,0,0,0,0,0,0,0,0,0,0,0,0,0,0,-39482,0
Memo: Non-OECD Total,x,x,0,0,0,0,0,0,0,0,0,0,0,0,0,0,0,0,0,0,x,-2089721,-88639,-47451,-2811,-1909,83140,0,106368,421351,199,0,155708,27830,718431,273105,183831,5665,19806,54845,3385,39879,82702,0,0,0,0,0,0,0,0,0,0,0,0,0,0,0,0,0,0,0,0,0,0,0,-54284,0
Memo: IEA Total,x,x,0,0,0,0,0,0,0,0,0,0,0,0,0,0,0,0,0,0,x,-1896155,-32063,-97669,-2989,-32179,63006,161,41411,630918,713,0,171318,29941,651423,141027,112264,3451,22757,52448,964,58908,40953,0,0,0,0,0,0,0,0,0,0,0,0,0,0,0,0,0,0,0,0,0,0,0,-39393,0
Memo: IEA and Accession/Association countries,x,x,0,0,0,0,0,0,0,0,0,0,0,0,0,0,0,0,0,0,x,-3018404,-33282,-129745,-3223,-33569,110225,161,98776,874108,763,0,259786,39335,1048691,203143,197966,6203,30023,88118,3949,90749,102309,0,0,0,0,0,0,0,0,0,0,0,0,0,0,0,0,0,0,0,0,0,0,0,-63918,0
Memo: European Union-28,x,x,0,0,0,0,0,0,0,0,0,0,0,0,0,0,0,0,0,0,x,-598462,-7038,-47132,-2882,-1586,25470,24,18464,125265,100,0,36247,12783,256795,73721,47445,1136,7453,16955,652,9357,20830,0,0,0,0,0,0,0,0,0,0,0,0,0,0,0,0,0,0,0,0,0,0,0,-4402,0
Memo: European Union-27,x,x,0,0,0,0,0,0,0,0,0,0,0,0,0,0,0,0,0,0,x,-543330,-6100,-40955,-2874,-1569,22604,24,16071,106963,100,0,31080,10681,236137,70002,45049,1130,7009,16194,614,7898,19857,0,0,0,0,0,0,0,0,0,0,0,0,0,0,0,0,0,0,0,0,0,0,0,-3417,0
Memo: FSU 15,x,x,0,0,0,0,0,0,0,0,0,0,0,0,0,0,0,0,0,0,x,-322634,-33256,-1453,-99,-139,20019,0,34180,55916,10,0,15850,180,102449,65665,28014,1785,7572,8298,242,3493,7323,0,0,0,0,0,0,0,0,0,0,0,0,0,0,0,0,0,0,0,0,0,0,0,-6581,0
Memo: Former Yugoslavia,x,x,0,0,0,0,0,0,0,0,0,0,0,0,0,0,0,0,0,0,x,-7990,-107,-520,-73,-144,299,0,431,1730,0,0,294,0,3316,991,525,0,74,494,0,67,303,0,0,0,0,0,0,0,0,0,0,0,0,0,0,0,0,0,0,0,0,0,0,0,-310,0
Memo: OPEC,x,x,0,0,0,0,0,0,0,0,0,0,0,0,0,0,0,0,0,0,x,-386091,-39786,-7585,-1579,0,10116,0,6933,67400,3,0,25898,17351,129178,101828,43869,578,2424,7235,116,1147,6111,0,0,0,0,0,0,0,0,0,0,0,0,0,0,0,0,0,0,0,0,0,0,0,-14854,0
Memo: ASEAN,x,x,0,0,0,0,0,0,0,0,0,0,0,0,0,0,0,0,0,0,x,-198768,-83,-14522,-6,0,5232,0,6351,43782,1,0,26237,2724,68788,19792,17646,714,3588,4184,27,191,8228,0,0,0,0,0,0,0,0,0,0,0,0,0,0,0,0,0,0,0,0,0,0,0,-5895,0
Memo: G7,x,x,0,0,0,0,0,0,0,0,0,0,0,0,0,0,0,0,0,0,x,-1336310,-24356,-55948,-1730,-30439,41176,161,27752,530210,555,0,118916,16865,441117,67969,47200,2195,17520,35873,635,51774,22302,0,0,0,0,0,0,0,0,0,0,0,0,0,0,0,0,0,0,0,0,0,0,0,-26563,0
Memo: G8,x,x,0,0,0,0,0,0,0,0,0,0,0,0,0,0,0,0,0,0,x,-1594856,-56262,-55948,-1730,-30439,59286,161,58081,570173,561,0,131674,16865,522607,121488,75034,3971,24583,42108,875,54622,27122,0,0,0,0,0,0,0,0,0,0,0,0,0,0,0,0,0,0,0,0,0,0,0,-30024,0
Memo: G20,x,x,0,0,0,0,0,0,0,0,0,0,0,0,0,0,0,0,0,0,x,-3308687,-74320,-122085,-3594,-33884,130598,161,128258,923514,764,0,258159,44857,1156562,271907,222423,7647,34239,92504,4170,94741,105817,0,0,0,0,0,0,0,0,0,0,0,0,0,0,0,0,0,0,0,0,0,0,0,-66249,0
