FLOW,Production,Imports,Exports,International marine bunkers,International aviation bunkers,Stock changes,Total energy supply,   Transfers,   Statistical differences,   Main activity producer electricity plants,   Autoproducer electricity plants,   Main activity producer CHP plants,   Autoproducer CHP plants,   Main activity producer heat plants,   Autoproducer heat plants,   Heat pumps,   Electric boilers,   Chemical heat for electricity production,   Blast furnaces,   Gas works,   Coke ovens,   Patent fuel plants,   BKB/peat briquettes plants,   Oil refineries,   Petrochemical plants,   Liquefaction plants,   Other transformation,   Energy industry own use,   Losses,   Total final consumption,      Industry,         Mining and quarrying,         Construction,         Manufacturing,            Iron and steel,            Chemical and petrochemical,            Non-ferrous metals,            Non-metallic minerals,            Transport equipment,            Machinery,            Food and tobacco,"            Paper, pulp and printing",            Wood and wood products,            Textile and leather,         Industry not elsewhere specified,      Transport,         World aviation bunkers,         Domestic aviation,         Road,         Rail,         Pipeline transport,         World marine bunkers,         Domestic navigation,         Transport not elsewhere specified,      Residential,      Commercial and public services,      Agriculture/forestry,      Fishing,      Final consumption not elsewhere specified,      Non-energy use,         Non-energy use industry/transformation/energy,            Memo: Non-energy use in industry,               Memo: Non-energy use in construction,               Memo: Non-energy use in mining and quarrying,               Memo: Non-energy use in iron and steel,               Memo: Non-energy use in chemical/petrochemical,               Memo: Non-energy use in non-ferrous metals,               Memo: Non-energy use in non-metallic minerals,               Memo: Non-energy use in transport equipment,               Memo: Non-energy use in machinery,               Memo: Non-energy use in food/beverages/tobacco,               Memo: Non-energy use in paper/pulp and printing,               Memo: Non-energy use in wood and wood products,               Memo: Non-energy use in textiles and leather,               Memo: Non-energy use in industry not elsewhere specified,         Non-energy use in transport,         Non-energy use in other sectors,Electricity output (GWh),   Electricity output (GWh)-main activity producer electricity plants,   Electricity output (GWh)-autoproducer electricity plants,   Electricity output (GWh)-main activity producer CHP plants,   Electricity output (GWh)-autoproducer CHP plants,Heat output,   Heat output-main activity producer CHP plants,   Heat output-autoproducer CHP plants,   Heat output-main activity producer heat plants,   Heat output-autoproducer heat plants, Memo: Efficiency of electricity only plants (main and auto) (%), Memo: Efficiency of electricity and heat plants (%)
COUNTRY
World,0,1396839,-1488672,x,x,3316,-88517,261068,9542,-119761,-26377,-6331,-9153,-1729,-8135,0,0,0,-44,-2817,-2430,-55,0,4269234,-36003,0,-633,-199045,-313,4038502,290436,24203,35934,126921,6741,52560,3557,39377,2292,5275,8530,3638,2130,2822,103378,2650434,201618,135399,1999004,32734,285,220255,56842,4296,218297,79180,111062,6151,21307,661634,612238,..,..,..,..,457993,..,..,..,..,..,..,..,..,..,10179,39218,682224,513659,114903,18614,35048,12880,2616,2159,1327,6778,37,42
OECD Americas,0,155240,-249771,-23148,-31124,293,-148510,124315,21744,-15683,-1789,-549,-2011,0,0,0,0,0,-1,-780,0,0,0,1018631,-34,0,0,-51552,0,943780,36549,6816,13609,10930,290,2702,271,4603,280,608,529,683,963,0,5194,702325,x,66590,608298,16694,14,x,10632,97,23761,14665,23392,237,0,142851,132643,131888,20675,369,696,98515,0,132,728,1290,0,13,707,0,8764,4544,5664,85484,64508,7402,4708,8866,768,768,0,0,0,35,41
OECD Asia Oceania,0,120355,-96587,-15183,-19804,-1112,-12331,1159,-4279,-7557,-5315,-213,-1441,-182,-42,0,0,0,0,-1616,-451,0,0,365180,-16373,0,0,-17509,0,299030,25502,2876,2823,17734,1317,9324,700,2655,475,756,1299,819,131,258,2068,145927,x,8449,131704,1436,3,x,4152,183,14976,13176,6141,2088,1607,89614,87553,87553,2224,3,28,80830,789,6,0,1,0,7,0,1,3664,875,1186,67460,35491,26115,319,5534,1123,163,892,29,39,41,47
OECD Europe,0,384275,-370650,-43837,-58029,2779,-85462,-5741,-2906,-5439,-837,-4020,-2838,-559,-95,0,0,0,-43,-134,-294,-55,0,668595,-16477,0,-3,-30940,-10,512742,31012,1044,5209,22635,603,8261,401,9051,370,1066,1707,719,237,220,2125,327489,x,8837,310249,1897,0,x,6170,336,31885,14686,18433,1715,1865,85657,82945,82892,15760,34,53,62191,432,551,60,423,36,36,19,26,3269,2094,618,50688,24806,3192,11252,11437,1937,990,405,477,66,38,46
Africa,0,118170,-37518,-5258,-8842,2153,68704,19411,1699,-16678,-891,0,0,0,0,0,0,0,0,0,0,0,0,102913,-15,0,0,-3355,-207,171580,17178,2441,1202,2790,15,85,110,1938,20,28,491,32,3,68,10746,121856,x,2636,117342,747,18,x,1100,13,14461,1534,4567,123,2719,9143,8768,..,..,..,..,895,..,..,..,..,..,..,..,..,..,174,201,63898,60827,3071,0,0,0,0,0,0,0,31,31
Non-OECD Americas,0,98970,-46055,-13275,-9712,1125,31053,5416,-203,-16210,-3134,0,-795,0,0,0,0,0,0,-15,-1685,0,0,203752,-2873,0,0,-11976,-67,203264,20617,2405,374,8878,325,2316,1138,3491,1,1,899,633,12,62,8959,132372,x,5010,123838,1044,0,x,1836,644,13602,2898,10855,51,2780,20088,20037,..,..,..,..,9615,..,..,..,..,..,..,..,..,..,45,6,90809,73443,13325,0,4041,0,0,0,0,0,39,39
Middle East,0,96504,-252211,-25304,-17792,2067,-196736,104714,-253,-38849,-3208,0,0,0,0,0,0,0,0,0,0,0,0,391944,0,0,-598,-13874,0,243141,36348,116,317,564,0,375,0,91,88,0,10,0,0,0,35351,134017,x,2355,131621,0,31,x,0,11,13101,1221,2915,0,1134,54404,54245,..,..,..,..,44726,..,..,..,..,..,..,..,..,..,11,147,202950,174639,28311,0,0,0,0,0,0,0,41,41
Non-OECD Europe and Eurasia,0,41260,-165095,-18473,-8859,38,-151128,2093,514,-1310,-1109,-1533,-1617,-258,-4300,0,0,0,0,0,0,0,0,364369,-231,0,-32,-8117,-16,197324,14509,2453,2832,6158,1204,1182,81,1827,201,183,976,230,213,63,3064,106785,x,6549,95513,3214,220,x,637,652,18549,3704,6640,795,4133,42209,40802,..,..,..,..,20173,..,..,..,..,..,..,..,..,..,233,1174,15987,5704,4177,2290,3817,5189,691,767,200,3530,35,65
Non-OECD Asia (excluding China),0,291067,-206240,-54316,-30404,-350,-243,3426,8395,-17777,-7788,-15,-451,0,0,0,0,0,0,0,0,0,0,546766,0,0,0,-25004,0,507309,63040,3826,2786,30294,2147,12059,141,10093,233,1290,1982,230,397,1721,26135,267297,x,11053,244476,4486,0,x,7028,254,44086,10907,19235,1143,7069,94531,94440,..,..,..,..,65445,..,..,..,..,..,..,..,..,..,88,2,93912,73217,19297,45,1353,99,4,95,0,0,31,31
"China (P.R. of China and Hong Kong, China)",0,90998,-64546,-21462,-17052,-3676,-15737,6276,-15170,-258,-2305,0,0,-730,-3698,0,0,0,0,-273,0,0,0,607085,0,0,0,-36718,-12,538459,45681,2226,6781,26939,839,16256,715,5627,625,1343,637,291,176,432,9735,290492,x,23921,235963,3215,1,x,25288,2104,43877,16387,18884,0,0,123138,90804,..,..,..,..,75604,..,..,..,..,..,..,..,..,..,2114,30220,11036,1023,10013,0,0,3764,0,0,621,3144,37,67
World marine bunkers,x,x,x,220255,x,x,220255,x,x,x,x,x,x,x,x,x,x,x,x,x,x,x,x,x,x,x,x,x,x,220255,x,x,x,x,x,x,x,x,x,x,x,x,x,x,x,220255,x,x,x,x,x,220255,x,x,x,x,x,x,x,x,x,x,x,x,x,x,x,x,x,x,x,x,x,x,x,x,x,x,x,x,x,x,x,x,x,x,x,x,x
World aviation bunkers,x,x,x,x,201618,x,201618,x,x,x,x,x,x,x,x,x,x,x,x,x,x,x,x,x,x,x,x,x,x,201618,x,x,x,x,x,x,x,x,x,x,x,x,x,x,x,201618,201618,x,x,x,x,x,x,x,x,x,x,x,x,x,x,x,x,x,x,x,x,x,x,x,x,x,x,x,x,x,x,x,x,x,x,x,x,x,x,x,x,x,x
Albania,0,1106,-138,-32,-7,-88,841,0,-3,0,0,0,0,0,0,0,0,0,0,0,0,0,0,277,0,0,0,-29,-2,1085,90,0,1,75,3,8,0,45,0,0,17,1,0,2,14,717,x,0,677,2,0,x,30,8,107,62,59,34,0,16,16,4,4,0,0,0,0,0,0,0,0,0,0,0,0,0,0,0,0,0,0,0,0,0,0,0,0,0,0
Algeria,0,832,-22644,-210,-467,-604,-23094,9898,446,-226,-1,0,0,0,0,0,0,0,0,0,0,0,0,31562,0,0,0,-454,-87,18043,573,0,390,16,0,5,0,10,0,0,0,0,0,0,168,14458,x,99,14214,145,0,x,0,0,1672,0,38,0,773,530,530,0,0,0,0,71,0,0,0,0,0,0,0,0,0,0,0,378,374,4,0,0,0,0,0,0,0,14,14
Angola,0,3868,-1061,-353,-313,33,2174,1332,393,-1783,-145,0,0,0,0,0,0,0,0,0,0,0,0,1897,0,0,0,-61,0,3807,206,0,98,0,0,0,0,0,0,0,0,0,0,0,108,2300,x,42,2247,0,0,x,11,0,559,547,6,0,5,184,184,0,0,0,0,30,0,0,0,0,0,0,0,0,0,0,0,3001,2580,421,0,0,0,0,0,0,0,13,13
Argentina,0,4010,-3128,-717,-1109,-86,-1029,2740,444,-1308,-277,0,0,0,0,0,0,0,0,0,-559,0,0,23910,0,0,0,-1674,0,22248,611,0,0,0,0,0,0,0,0,0,0,0,0,0,611,13790,x,604,12905,0,0,x,281,0,1218,318,3398,0,0,2914,2914,0,0,0,0,1882,0,0,0,0,0,0,0,0,0,0,0,6811,5786,1025,0,0,0,0,0,0,0,37,37
Armenia,0,395,0,0,-64,-13,319,0,0,0,0,0,0,0,0,0,0,0,0,0,0,0,0,0,0,0,0,0,0,319,7,6,0,1,0,0,0,0,0,0,0,0,0,0,0,252,x,0,252,0,0,x,0,0,1,3,17,0,0,39,24,24,10,4,0,0,0,10,0,0,0,0,0,0,0,0,15,0,0,0,0,0,0,0,0,0,0,0,0
Australia,0,30605,-2292,-568,-4765,-820,22160,3025,1655,-191,-925,0,-22,0,0,0,0,0,0,0,0,0,0,23094,0,0,0,-4176,0,44620,3866,2584,478,797,19,106,305,161,0,20,114,56,9,8,6,32948,x,3177,27852,1140,1,x,595,183,357,879,2433,0,2,4136,4136,4136,5,0,28,2291,694,0,0,0,0,0,0,0,1118,0,0,4838,816,3928,0,94,0,0,0,0,0,37,37
Austria,0,6305,-3058,-14,-825,93,2501,-255,0,-1,-132,-3,-183,-23,0,0,0,0,0,0,0,0,0,9392,0,0,0,-273,0,11025,335,9,213,110,1,9,2,46,3,27,11,4,6,1,3,7886,x,31,7819,32,0,x,4,0,929,189,222,0,0,1464,1450,1446,461,0,3,961,1,2,0,10,2,1,1,1,1,14,1,716,2,401,1,313,76,2,53,21,0,26,40
Azerbaijan,0,331,-1297,-44,-112,-168,-1290,34,-37,-2,-11,0,0,0,0,0,0,0,0,0,0,0,0,5849,0,0,0,-378,0,4163,87,11,59,16,0,2,1,0,1,2,10,0,0,0,1,2650,x,395,2205,6,0,x,44,0,15,3,318,0,0,1090,1040,1040,258,0,0,782,0,0,0,0,0,0,0,0,0,50,0,49,11,37,0,1,0,0,0,0,0,32,33
Bahrain,0,757,-12120,-79,-504,193,-11752,790,216,-1,0,0,0,0,0,0,0,0,0,0,0,0,0,13448,0,0,-598,-226,0,1878,0,0,0,0,0,0,0,0,0,0,0,0,0,0,0,1301,x,37,1264,0,0,x,0,0,98,0,0,0,0,479,479,0,0,0,0,0,0,0,0,0,0,0,0,0,0,0,0,2,2,0,0,0,0,0,0,0,0,21,21
Bangladesh,0,4695,-2,-116,-435,860,5001,174,405,-1868,0,0,0,0,0,0,0,0,0,0,0,0,0,1272,0,0,0,-44,0,4941,413,0,0,0,0,0,0,0,0,0,0,0,0,0,413,3074,x,0,2078,413,0,x,573,10,220,0,1125,0,5,104,104,0,0,0,0,0,0,0,0,0,0,0,0,0,0,0,0,16292,16292,0,0,0,0,0,0,0,0,75,75
Belarus,0,474,-11871,0,-148,-178,-11724,109,0,-14,0,-32,-79,-6,-95,0,0,0,0,0,0,0,0,18867,0,0,0,-974,0,6053,161,3,103,50,4,5,0,5,4,5,19,1,3,3,5,3567,x,18,3361,186,0,x,1,0,56,44,695,0,0,1530,1530,1530,322,0,0,0,0,16,0,0,0,0,0,0,1192,0,0,264,77,0,62,125,148,20,47,5,76,46,75
Belgium,0,30314,-30313,-9274,-1686,-143,-11102,-1134,-70,-4,0,-2,-25,0,0,0,0,0,0,0,0,0,0,34386,-1122,0,0,-1157,0,19770,1477,0,73,1339,12,1247,0,42,4,15,8,10,0,1,65,8225,x,2,8059,22,0,x,141,0,2453,755,311,0,46,6504,6478,6469,303,0,3,6151,0,1,0,1,1,1,0,0,8,16,9,161,11,2,4,143,7,0,7,0,0,25,69
Benin,0,2428,0,0,-32,12,2409,0,-2,-4,-37,0,0,0,0,0,0,0,0,0,0,0,0,0,0,0,0,0,0,2366,39,0,0,36,0,0,0,32,0,0,4,0,0,0,3,2266,x,0,2266,0,0,x,0,0,41,4,17,0,0,0,0,0,0,0,0,0,0,0,0,0,0,0,0,0,0,0,0,134,20,114,0,0,0,0,0,0,0,28,28
Plurinational State of Bolivia,0,1467,-295,0,-82,140,1230,558,-98,-68,0,0,0,0,0,0,0,0,0,0,0,0,0,2246,0,0,0,-19,-46,3803,124,0,87,0,0,0,0,0,0,0,0,0,0,0,37,2994,x,106,2888,0,0,x,0,0,489,15,133,0,0,48,48,0,0,0,0,0,0,0,0,0,0,0,0,0,0,0,0,94,94,0,0,0,0,0,0,0,0,12,12
Bosnia and Herzegovina,0,1154,-225,0,-8,36,958,0,0,-8,-3,0,0,-8,0,0,0,0,0,0,0,0,0,704,0,0,0,-116,0,1527,120,25,25,66,1,3,2,12,3,8,17,12,4,5,3,1225,x,0,1225,0,0,x,0,0,26,21,37,0,0,98,98,98,0,0,0,0,0,0,0,0,0,0,0,0,98,0,0,47,38,9,0,0,7,0,0,7,0,38,58
Botswana,0,1039,0,0,-13,0,1027,0,135,-3,0,0,0,0,0,0,0,0,0,0,0,0,0,0,0,0,0,0,0,1159,199,147,23,7,0,0,0,0,0,0,4,1,0,1,21,891,x,2,877,12,0,x,0,0,13,21,11,0,1,23,16,0,0,0,0,0,0,0,0,0,0,0,0,0,0,7,0,8,8,0,0,0,0,0,0,0,0,25,25
Brazil,0,25293,-8494,-2873,-2502,384,11809,1751,60,-1609,-285,0,-795,0,0,0,0,0,0,0,-1125,0,0,93623,-2873,0,0,-4175,0,96381,9387,810,0,7939,313,2208,1073,3192,0,0,606,510,0,38,637,60882,x,3424,55126,1043,0,x,1289,0,6533,693,6057,0,0,12830,12830,0,0,0,0,6495,0,0,0,0,0,0,0,0,0,0,0,12526,7253,1232,0,4041,0,0,0,0,0,39,40
Brunei Darussalam,0,372,0,0,-86,5,290,20,19,-13,0,0,0,0,0,0,0,0,0,0,0,0,0,335,0,0,0,-16,0,635,120,0,0,0,0,0,0,0,0,0,0,0,0,0,120,456,x,0,456,0,0,x,0,0,24,0,0,0,30,5,4,0,0,0,0,0,0,0,0,0,0,0,0,0,0,1,0,47,47,0,0,0,0,0,0,0,0,30,30
Bulgaria,0,2030,-3597,-83,-255,102,-1803,-277,-12,-16,-11,-2,-42,0,0,0,0,0,0,0,0,0,0,6333,0,0,0,-382,-1,3787,398,5,24,368,0,254,16,78,1,6,9,1,1,1,1,2979,x,17,2951,11,0,x,0,0,22,26,127,0,0,234,213,209,150,1,1,20,0,22,0,5,0,0,1,0,9,19,3,338,49,33,4,253,1,1,0,0,0,26,42
Cambodia,0,2593,0,0,-121,0,2471,2,-15,-90,0,0,0,0,0,0,0,0,0,0,0,0,0,0,0,0,0,0,0,2368,166,0,0,0,0,0,0,0,0,0,0,0,0,0,166,1910,x,43,1624,192,0,x,51,0,72,158,0,0,47,15,2,0,0,0,0,0,0,0,0,0,0,0,0,0,0,13,0,299,299,0,0,0,0,0,0,0,0,29,29
Cameroon,0,887,-382,0,-16,0,488,0,-28,-84,-261,0,0,0,0,0,0,0,0,0,0,0,0,1215,0,0,0,-21,-37,1272,75,0,0,4,0,0,0,4,0,0,0,0,0,0,70,950,x,2,948,0,0,x,0,0,153,0,0,0,28,67,5,0,0,0,0,0,0,0,0,0,0,0,0,0,0,25,37,1203,293,910,0,0,0,0,0,0,0,30,30
Canada,0,13507,-22184,-449,-893,-314,-10332,11234,18096,-1356,-554,-3,0,0,0,0,0,0,0,0,0,0,0,93413,0,0,0,-15438,0,95058,6132,1455,2139,1224,0,0,33,432,0,0,0,146,613,0,1314,61694,x,6749,51499,2229,14,x,1107,97,1681,1308,5444,0,0,18799,14978,14978,1821,84,0,10833,0,0,0,0,0,0,17,0,2222,96,3725,6110,4154,1946,10,0,1,1,0,0,0,27,28
Chile,0,8495,-749,-130,-678,-55,6883,-931,302,-294,-104,0,0,0,0,0,0,0,-1,0,0,0,0,10004,0,0,0,-325,0,15535,3607,2302,192,464,8,0,0,210,0,0,3,243,0,0,649,9364,x,560,8388,43,0,x,373,0,1098,724,223,237,0,283,283,283,0,0,0,0,0,0,0,0,0,0,0,0,283,0,0,1287,848,439,0,0,0,0,0,0,0,28,28
People's Republic of China,0,68918,-64309,-10554,-9918,-3938,-19802,6276,-15050,-181,-2305,0,0,-730,-3698,0,0,0,0,0,0,0,0,607085,0,0,0,-36718,-12,534864,44922,2226,6781,26939,839,16256,715,5627,625,1343,637,291,176,432,8977,287862,x,23916,233338,3215,1,x,25288,2104,43875,16287,18884,0,0,123035,90701,0,0,0,0,75604,0,0,0,0,0,0,0,0,0,2114,30220,10750,737,10013,0,0,3764,0,0,621,3144,37,68
Colombia,0,4603,-5529,-135,-1537,3,-2595,-2355,-1048,-48,-323,0,0,0,0,0,0,0,0,0,0,0,0,19475,0,0,0,-545,0,12561,737,505,77,154,12,58,3,33,1,1,36,4,3,3,1,9467,x,21,9435,0,0,x,11,0,407,133,89,0,888,839,839,0,0,0,0,0,0,0,0,0,0,0,0,0,0,0,0,2341,168,2173,0,0,0,0,0,0,0,54,54
Republic of the Congo,0,206,-335,0,-33,0,-162,0,17,0,-39,0,0,0,0,0,0,0,0,0,0,0,0,718,-15,0,0,0,0,519,36,0,0,18,0,0,0,0,0,0,18,0,0,0,18,436,x,14,398,15,0,x,9,0,20,7,0,0,0,19,19,0,0,0,0,10,0,0,0,0,0,0,0,0,0,0,0,114,0,114,0,0,0,0,0,0,0,25,25
Costa Rica,0,2759,0,0,-221,69,2608,0,20,-33,0,0,0,0,0,0,0,0,0,0,0,0,0,0,0,0,0,-9,0,2585,333,0,7,253,0,14,0,86,0,0,120,13,5,15,73,1963,x,4,1957,0,0,x,1,0,75,40,47,0,21,106,106,0,0,0,0,0,0,0,0,0,0,0,0,0,0,0,0,159,159,0,0,0,0,0,0,0,0,41,41
Côte d'Ivoire,0,385,-1490,-83,-160,0,-1347,5,45,-3,0,0,0,0,0,0,0,0,0,0,0,0,0,3448,0,0,0,-48,0,2100,194,21,0,57,0,5,9,0,14,0,21,0,0,9,116,1320,x,9,1186,17,0,x,108,0,377,38,82,0,0,89,89,0,0,0,0,0,0,0,0,0,0,0,0,0,0,0,0,10,10,0,0,0,0,0,0,0,0,27,27
Croatia,0,1925,-2448,-21,-180,-94,-817,41,0,-1,0,0,-13,-5,0,0,0,0,0,0,0,0,0,4016,0,0,0,-324,0,2897,302,13,96,191,0,3,1,156,1,6,18,3,0,2,2,2073,x,10,1999,15,0,x,48,0,118,51,176,24,0,153,130,128,92,0,0,10,0,13,0,8,0,0,0,0,5,22,1,69,5,0,0,64,4,0,0,4,0,43,53
Cuba,0,3429,-480,-424,-119,0,2406,139,0,-1166,-137,0,0,0,0,0,0,0,0,-15,0,0,0,2341,0,0,0,-213,0,3354,1438,16,115,0,0,0,0,0,0,0,0,0,0,0,1308,597,x,0,589,0,0,x,9,0,192,11,143,0,747,227,182,0,0,0,0,0,0,0,0,0,0,0,0,0,0,45,0,13160,12841,319,0,0,0,0,0,0,0,87,87
Curaçao/Netherlands Antilles,0,2340,-2916,-1549,-62,0,-2187,30,26,-118,-36,0,0,0,0,0,0,0,0,0,0,0,0,3135,0,0,0,-218,0,631,123,0,0,0,0,0,0,0,0,0,0,0,0,0,123,355,x,0,355,0,0,x,0,0,55,0,0,0,0,98,98,0,0,0,0,0,0,0,0,0,0,0,0,0,0,0,0,614,500,114,0,0,0,0,0,0,0,34,34
Cyprus,0,2580,0,-267,-317,17,2012,4,-15,-1019,-2,0,0,0,0,0,0,0,0,0,0,0,0,0,0,0,0,0,0,981,113,4,9,99,0,2,1,73,0,0,21,1,0,0,1,665,x,2,663,0,0,x,1,0,95,36,24,2,9,38,37,37,34,0,0,0,0,0,0,0,0,0,0,0,2,1,0,4583,4575,7,0,1,0,0,0,0,0,39,39
Czech Republic,0,4359,-2204,0,-407,-145,1604,-118,-3,-4,-1,-34,-1,-3,-4,0,0,0,0,0,0,0,0,7993,-72,0,0,-216,0,9141,161,1,49,81,0,47,0,15,1,6,5,3,3,1,30,6080,x,34,5961,81,0,x,3,0,53,22,334,0,10,2481,2310,2310,482,0,1,1745,1,1,0,2,0,0,0,0,80,172,0,108,16,4,77,10,26,20,0,2,4,36,74
Democratic People's Republic of Korea,0,404,0,0,0,0,404,0,0,-329,0,0,0,0,0,0,0,0,0,0,0,0,0,532,0,0,0,-15,0,591,89,0,0,0,0,0,0,0,0,0,0,0,0,0,89,463,x,0,463,0,0,x,0,0,40,0,0,0,0,0,0,0,0,0,0,0,0,0,0,0,0,0,0,0,0,0,0,765,765,0,0,0,0,0,0,0,0,20,20
Democratic Republic of the Congo,0,851,0,0,-142,0,709,0,-3,-2,0,0,0,0,0,0,0,0,0,0,0,0,0,0,0,0,0,0,0,705,13,0,0,13,0,0,0,13,0,0,0,0,0,0,0,686,x,0,585,0,0,x,101,0,1,0,0,0,0,4,4,0,0,0,0,0,0,0,0,0,0,0,0,0,0,0,0,5,5,0,0,0,0,0,0,0,0,30,30
Denmark,0,6018,-5867,-590,-1014,456,-996,-2121,-220,-4,0,-16,-49,-19,0,0,0,0,0,0,0,0,0,9272,0,0,0,-329,0,5517,410,19,133,255,3,6,0,187,1,15,36,3,3,0,4,4166,x,28,3875,72,0,x,152,38,221,61,308,111,0,241,199,199,185,2,1,1,1,2,1,4,1,1,0,0,0,32,9,265,13,0,63,189,31,6,9,16,0,27,61
Dominican Republic,0,5153,0,0,-567,20,4606,0,-47,-1396,-624,0,0,0,0,0,0,0,0,0,0,0,0,1220,0,0,0,-49,0,3710,278,0,42,168,0,29,0,38,0,0,90,6,0,4,68,2441,x,24,1919,1,0,x,0,497,495,89,68,0,0,339,339,0,0,0,0,152,0,0,0,0,0,0,0,0,0,0,0,9912,6781,3131,0,0,0,0,0,0,0,42,42
Ecuador,0,6689,-2964,-681,-274,-22,2748,236,11,-749,-383,0,0,0,0,0,0,0,0,0,0,0,0,8448,0,0,0,-392,0,9918,737,0,0,0,0,0,0,0,0,0,0,0,0,0,737,6152,x,96,5989,0,0,x,66,0,931,421,359,0,1084,236,236,0,0,0,0,0,0,0,0,0,0,0,0,0,0,0,0,4731,3292,1439,0,0,0,0,0,0,0,36,36
Egypt,0,12199,-2070,-89,-780,0,9260,1348,-1414,-6020,0,0,0,0,0,0,0,0,0,0,0,0,0,26519,0,0,0,-874,0,28818,4280,0,0,0,0,0,0,0,0,0,0,0,0,0,4280,17608,x,637,16768,0,0,x,204,0,4465,0,800,0,61,1603,1603,0,0,0,0,2,0,0,0,0,0,0,0,0,0,0,0,23103,23103,0,0,0,0,0,0,0,0,33,33
El Salvador,0,2508,-177,0,-186,0,2145,0,0,-233,-35,0,0,0,0,0,0,0,0,0,0,0,0,0,0,0,0,0,0,1877,453,0,0,52,0,0,0,52,0,0,0,0,0,0,401,1166,x,0,1166,0,0,x,0,0,233,9,0,0,0,15,15,0,0,0,0,0,0,0,0,0,0,0,0,0,0,0,1,1200,1039,161,0,0,0,0,0,0,0,38,38
Equatorial Guinea,0,479,-735,0,-63,0,-318,789,0,-2,0,0,0,0,0,0,0,0,0,0,0,0,0,0,0,0,0,0,0,469,57,0,0,0,0,0,0,0,0,0,0,0,0,0,57,302,x,12,291,0,0,x,0,0,53,22,0,0,26,9,9,0,0,0,0,0,0,0,0,0,0,0,0,0,0,0,0,8,8,0,0,0,0,0,0,0,0,37,37
Eritrea,0,243,0,0,-9,0,234,0,0,-118,-5,0,0,0,0,0,0,0,0,0,0,0,0,0,0,0,0,0,0,111,6,0,0,0,0,0,0,0,0,0,0,0,0,0,6,77,x,2,75,0,0,x,0,0,21,2,0,0,0,4,4,0,0,0,0,0,0,0,0,0,0,0,0,0,0,0,0,451,436,14,0,0,0,0,0,0,0,32,32
Estonia,0,2057,-690,-293,-69,66,1070,41,-13,-11,0,-1,0,-18,0,0,0,0,0,0,0,0,0,0,0,0,0,-15,0,1052,52,3,38,9,0,2,0,1,1,1,2,0,2,0,2,808,x,1,785,15,0,x,7,0,9,28,99,0,0,56,55,54,54,0,0,0,0,0,0,0,0,0,0,0,0,1,1,83,77,4,2,0,13,1,0,12,0,58,65
Ethiopia,0,4503,0,0,-776,0,3728,0,78,-1,0,0,0,0,0,0,0,0,0,0,0,0,0,0,0,0,0,0,0,3805,925,0,0,162,0,0,0,162,0,0,0,0,0,0,763,2247,x,9,2238,0,0,x,0,0,87,79,186,0,186,95,95,0,0,0,0,0,0,0,0,0,0,0,0,0,0,0,0,5,5,0,0,0,0,0,0,0,0,33,33
Finland,0,4941,-8965,-322,-773,135,-4984,-1546,281,-18,-7,-29,-11,-157,-9,0,0,0,0,0,0,0,0,14853,-258,0,0,-604,-9,7502,1296,33,370,808,99,343,38,90,12,31,34,149,12,1,84,3787,x,70,3568,23,0,x,126,0,327,262,321,30,159,1320,1320,1320,149,19,0,1045,0,0,0,0,0,0,0,0,107,0,0,265,73,35,71,86,162,15,2,142,3,37,80
France,0,42825,-20251,-1837,-5802,455,15389,-493,-1650,-1089,-109,-252,-23,-18,-1,0,0,0,0,0,0,0,0,56762,-859,0,0,-1546,0,66111,2502,199,961,1240,29,105,82,581,26,105,213,43,33,22,102,40887,x,1698,38520,126,0,x,542,0,4715,2560,2932,285,459,11771,11454,11454,2521,0,5,8345,23,33,0,0,0,0,0,0,527,233,84,6001,5319,257,243,183,202,185,0,16,1,40,48
Gabon,0,289,-239,-112,-57,0,-119,0,-161,-42,-28,0,0,0,0,0,0,0,0,0,0,0,0,802,0,0,0,-128,0,324,161,0,0,0,0,0,0,0,0,0,0,0,0,0,161,70,x,2,68,0,0,x,0,0,58,17,1,0,4,13,13,0,0,0,0,0,0,0,0,0,0,0,0,0,0,0,0,230,164,66,0,0,0,0,0,0,0,28,28
Georgia,0,1483,-101,-2,-105,-26,1250,0,0,0,0,0,0,0,0,0,0,0,0,0,0,0,0,22,0,0,0,0,0,1272,96,21,74,1,0,0,0,0,0,0,0,0,0,0,0,1024,x,0,1005,11,7,x,1,0,19,1,12,0,0,119,101,100,90,2,0,0,0,7,0,0,0,0,0,0,0,17,1,0,0,0,0,0,0,0,0,0,0,0,0
Germany,0,41050,-22462,-1684,-9871,501,7534,-4532,-946,-186,-443,-60,-346,-109,0,0,0,0,-43,0,-294,0,0,99259,-5213,0,0,-5141,0,89478,3675,28,1214,2297,15,1334,41,412,41,221,154,45,17,16,136,51787,x,654,50478,225,0,x,253,177,10207,3264,2138,0,77,18330,17991,17991,1845,0,0,14673,140,6,0,1,5,0,0,0,1321,329,10,5186,792,2062,254,2078,108,18,0,90,0,39,48
Ghana,0,4083,-164,0,-210,0,3709,99,-18,0,0,0,0,0,0,0,0,0,0,0,0,0,0,323,0,0,0,-16,0,4097,704,0,0,0,0,0,0,0,0,0,0,0,0,0,704,2684,x,14,2493,81,0,x,97,0,337,51,69,59,0,193,193,0,0,0,0,0,0,0,0,0,0,0,0,0,0,0,0,0,0,0,0,0,0,0,0,0,0,0,0
Gibraltar,0,4271,0,-4013,-6,0,252,0,0,-49,0,0,0,0,0,0,0,0,0,0,0,0,0,0,0,0,0,0,0,202,0,0,0,0,0,0,0,0,0,0,0,0,0,0,0,175,x,0,175,0,0,x,0,0,0,0,0,0,0,27,27,0,0,0,0,0,0,0,0,0,0,0,0,0,0,0,0,215,215,0,0,0,0,0,0,0,0,38,38
Greece,0,3663,-20130,-2185,-1089,99,-19642,-2291,144,-1089,0,-13,-206,0,0,0,0,0,0,0,0,0,0,33085,0,0,0,-1494,0,8493,931,96,94,671,12,22,6,413,16,14,162,15,3,8,69,5706,x,222,4828,38,0,x,615,2,1037,120,36,13,230,421,403,370,105,2,0,245,0,1,0,0,0,0,0,0,16,14,4,5547,4793,0,50,704,0,0,0,0,0,38,36
Guatemala,0,4719,-270,-421,-104,112,4037,0,0,-250,0,0,0,0,0,0,0,0,0,0,0,0,0,140,0,0,0,-50,0,3877,586,0,0,0,0,0,0,0,0,0,0,0,0,0,586,2853,x,6,2843,0,0,x,0,5,360,9,0,0,0,68,68,0,0,0,0,0,0,0,0,0,0,0,0,0,0,0,0,1202,1202,0,0,0,0,0,0,0,0,41,41
Haiti,0,1157,0,0,-24,0,1133,0,-53,-259,-8,0,0,0,0,0,0,0,0,0,0,0,0,0,0,0,0,-1,-16,796,199,0,0,0,0,0,0,0,0,0,0,0,0,0,199,487,x,0,486,0,0,x,0,1,92,1,0,0,0,17,17,0,0,0,0,0,0,0,0,0,0,0,0,0,0,0,0,848,827,21,0,0,0,0,0,0,0,27,27
Honduras,0,3559,-307,-70,-54,-113,3014,0,-112,-655,-220,0,0,0,0,0,0,0,0,0,0,0,0,0,0,0,0,0,0,2027,332,0,0,0,0,0,0,0,0,0,0,0,0,0,332,1368,x,10,1357,0,0,x,0,1,87,140,78,0,4,19,19,0,0,0,0,0,0,0,0,0,0,0,0,0,0,0,0,3128,2334,794,0,0,0,0,0,0,0,31,31
Hong Kong (China),0,22080,-236,-10908,-7133,263,4065,0,-120,-77,0,0,0,0,0,0,0,0,0,-273,0,0,0,0,0,0,0,0,0,3594,759,0,0,0,0,0,0,0,0,0,0,0,0,0,759,2630,x,5,2625,0,0,x,0,0,2,100,0,0,0,103,103,0,0,0,0,0,0,0,0,0,0,0,0,0,0,0,0,286,286,0,0,0,0,0,0,0,0,32,32
Hungary,0,3943,-3462,0,-274,104,310,82,20,-16,-1,-1,-4,-1,0,0,0,0,0,0,0,0,0,7739,-282,0,0,-388,0,7457,734,21,201,507,2,372,1,97,2,11,13,2,7,0,4,4414,x,0,4366,43,0,x,5,0,76,37,391,2,10,1793,1754,1754,130,0,0,1570,0,54,0,0,0,0,0,0,0,39,0,90,67,1,2,20,1,0,0,1,0,34,38
Iceland,0,1144,0,-75,-419,-65,585,0,27,-1,0,0,0,0,0,0,0,0,0,0,0,0,0,0,0,0,0,0,0,611,43,0,26,14,10,0,1,0,0,0,4,0,0,0,2,337,x,8,316,0,0,x,14,0,3,0,6,175,0,47,42,42,41,0,0,0,0,0,0,0,0,0,0,0,1,0,4,2,2,0,0,0,0,0,0,0,0,21,81
India,0,33154,-65208,-1657,-4398,2355,-35754,-2656,-1118,-858,-3320,0,0,0,0,0,0,0,0,0,0,0,0,267620,0,0,0,-16218,0,207696,31043,1669,540,14998,639,6037,117,7431,0,379,4,0,0,391,13835,98067,x,4443,89329,2810,0,x,1444,40,27927,2773,10950,0,5314,31622,31622,0,0,0,0,14136,0,0,0,0,0,0,0,0,0,0,0,7848,125,7723,0,0,0,0,0,0,0,16,16
Indonesia,0,28722,-3734,-270,-1642,-35,23041,1292,7594,-3284,-3470,0,0,0,0,0,0,0,0,0,0,0,0,51022,0,0,0,-2411,0,73785,7960,734,233,3353,604,584,0,795,0,48,485,0,0,836,3640,51490,x,3192,45131,0,0,x,3167,0,8629,708,1616,0,290,3092,3092,0,0,0,0,2445,0,0,0,0,0,0,0,0,0,0,0,14879,6058,8822,0,0,0,0,0,0,0,19,19
Islamic Republic of Iran,0,4950,-23879,-1391,-653,0,-20973,15369,-1299,-8336,-3,0,0,0,0,0,0,0,0,0,0,0,0,88778,0,0,0,-2205,0,71332,3955,0,0,156,0,156,0,0,0,0,0,0,0,0,3799,41077,x,939,40102,0,31,x,0,5,4737,839,2639,0,0,18086,18086,0,0,0,0,14245,0,0,0,0,0,0,0,0,0,0,0,29080,29069,11,0,0,0,0,0,0,0,30,30
Iraq,0,14348,-1288,-279,-660,0,12122,-5784,-2743,-11694,0,0,0,0,0,0,0,0,0,0,0,0,0,27043,0,0,0,-1462,0,17483,2688,0,0,0,0,0,0,0,0,0,0,0,0,0,2688,11261,x,0,11261,0,0,x,0,0,3241,0,0,0,0,294,294,0,0,0,0,0,0,0,0,0,0,0,0,0,0,0,0,10503,10503,0,0,0,0,0,0,0,0,8,8
Ireland,0,5951,-1676,-159,-1069,119,3165,4,34,-34,0,0,-1,0,0,0,0,0,0,0,0,0,0,3090,0,0,0,-127,0,6132,512,32,0,430,0,26,9,193,5,50,139,3,2,2,49,3862,x,6,3736,37,0,x,83,0,1055,262,173,27,0,243,215,215,202,0,0,0,0,0,0,13,0,0,0,0,0,26,1,139,136,0,0,4,0,0,0,0,0,35,35
Israel,0,2159,-6069,-284,-1158,52,-5300,0,-404,-85,0,0,-2,0,0,0,0,0,0,0,0,0,0,15322,0,0,0,-651,0,8880,428,0,0,0,0,0,0,0,0,0,0,0,0,0,428,6029,x,30,5999,0,0,x,0,0,129,125,0,0,275,1893,1893,1893,287,0,0,1364,0,0,0,0,0,0,0,0,242,0,0,296,288,0,0,7,0,0,0,0,0,29,29
Italy,0,16041,-27908,-2721,-3835,25,-18398,0,309,-325,-1,-3178,-599,-4,0,0,0,0,0,0,0,0,0,73237,-2151,0,0,-3004,0,45886,2019,36,19,1941,78,373,62,899,0,260,162,47,0,60,23,32244,x,879,30690,45,0,x,631,0,2200,543,2129,170,92,6488,6168,6168,1084,0,0,4828,0,0,0,202,0,0,0,0,53,320,0,11029,1250,3,8946,831,760,603,153,4,0,33,42
Jamaica,0,1913,-40,-286,-223,21,1385,0,92,-411,-317,0,0,0,0,0,0,0,0,0,0,0,0,1041,0,0,0,0,0,1791,840,775,11,16,0,0,0,9,0,0,7,0,0,0,38,778,x,0,762,0,0,x,16,0,25,110,14,0,0,24,24,0,0,0,0,0,0,0,0,0,0,0,0,0,0,0,0,3382,1908,1474,0,0,0,0,0,0,0,40,40
Japan,0,43773,-17703,-4478,-7270,353,14675,782,-5528,-6106,-4048,0,0,-5,0,0,0,0,0,-1412,-451,0,0,157572,-4874,0,0,-6435,0,144171,17105,189,1498,15108,1233,8446,359,1985,293,663,1093,726,119,189,310,68576,x,3535,61737,162,0,x,3142,0,11017,10148,3090,1263,0,32972,30949,30949,615,3,0,28221,0,6,0,0,0,0,0,0,2105,875,1149,49287,28847,20440,0,0,5,0,0,5,0,42,42
Jordan,0,2829,0,-4,-413,141,2553,0,3,-124,-197,0,0,0,0,0,0,0,0,0,0,0,0,2192,0,0,0,-155,0,4271,218,0,0,91,0,0,0,91,0,0,0,0,0,0,126,3009,x,8,2995,0,0,x,0,6,558,161,0,0,264,61,61,0,0,0,0,0,0,0,0,0,0,0,0,0,0,0,0,1346,619,727,0,0,0,0,0,0,0,36,36
Kazakhstan,0,1673,-5484,-15,-619,232,-4213,1641,508,0,0,-203,0,0,0,0,0,0,0,0,0,0,0,14716,0,0,0,-365,0,12083,2696,673,533,1262,667,22,0,456,2,21,85,5,1,2,228,5716,x,149,5532,0,19,x,0,15,2373,774,525,0,0,0,0,0,0,0,0,0,0,0,0,0,0,0,0,0,0,0,0,63,0,0,63,0,160,160,0,0,0,0,82
Kenya,0,5789,-26,-47,-718,0,4998,0,56,-600,0,0,0,0,0,0,0,0,0,0,0,0,0,0,0,0,0,0,0,4454,703,0,0,0,0,0,0,0,0,0,0,0,0,0,703,3088,x,20,3053,13,0,x,2,0,420,0,50,0,64,128,128,0,0,0,0,0,0,0,0,0,0,0,0,0,0,0,0,2094,2094,0,0,0,0,0,0,0,0,30,30
Korea,0,40977,-70322,-9543,-5310,-789,-44987,-2857,-149,-1171,-342,-213,-1417,-177,-42,0,0,0,0,-204,0,0,0,163621,-11499,0,0,-5911,0,94651,3652,40,715,1830,65,773,37,509,181,73,91,37,3,60,1068,33035,x,1346,31272,96,2,x,320,0,3387,1868,297,770,1329,50312,50275,50275,1234,0,0,48954,0,0,0,1,0,7,0,1,77,0,37,13027,5529,1747,319,5432,1118,163,892,24,39,41,67
Kosovo,0,750,-10,0,-3,0,737,0,-1,-3,0,0,0,-1,0,0,0,0,0,0,0,0,0,0,0,0,0,0,0,732,178,4,0,149,15,1,22,99,0,0,12,0,0,0,25,432,x,0,428,4,0,x,0,0,11,48,18,0,0,45,45,45,39,0,0,0,0,0,0,0,0,0,0,0,6,0,0,10,10,0,0,0,1,0,0,1,0,28,45
Kuwait,0,0,-29153,-930,-974,3125,-27931,10207,970,-6695,0,0,0,0,0,0,0,0,0,0,0,0,0,33336,0,0,0,-370,0,9518,706,116,317,273,0,175,0,0,88,0,10,0,0,0,0,5344,x,0,5344,0,0,x,0,0,335,0,0,0,0,3133,3133,0,0,0,0,2470,0,0,0,0,0,0,0,0,0,0,0,30608,30608,0,0,0,0,0,0,0,0,39,39
Kyrgyzstan,0,1691,-137,0,-5,-30,1519,0,0,0,0,-14,0,-10,0,0,0,0,0,0,0,0,0,554,0,0,-4,-10,-1,2034,136,4,42,17,0,6,0,2,0,0,8,0,0,0,74,499,x,1,497,1,0,x,0,0,1175,19,5,0,19,180,0,0,0,0,0,0,0,0,0,0,0,0,0,0,0,0,180,33,0,0,33,0,15,6,0,9,0,0,76
Lao People's Democratic Republic,0,1151,0,0,-58,0,1093,0,0,0,0,0,0,0,0,0,0,0,0,0,0,0,0,0,0,0,0,0,0,1093,57,0,0,0,0,0,0,0,0,0,0,0,0,0,57,1019,x,5,1014,0,0,x,0,0,6,9,0,0,0,2,0,0,0,0,0,0,0,0,0,0,0,0,0,0,0,2,0,0,0,0,0,0,0,0,0,0,0,0,0
Latvia,0,2495,-896,-38,-153,21,1430,11,18,0,0,0,0,-2,0,0,0,0,0,0,0,0,0,0,0,0,0,-7,0,1450,57,4,15,37,0,5,0,10,1,1,9,0,11,0,1,1065,x,0,1005,54,0,x,5,0,55,38,123,7,6,100,72,72,61,0,0,1,0,0,0,0,0,0,6,0,3,27,1,0,0,0,0,0,2,0,0,1,0,0,81
Lebanon,0,8426,0,0,-281,0,8145,0,0,-3196,-1670,0,0,0,0,0,0,0,0,0,0,0,0,0,0,0,0,0,0,3279,149,0,0,0,0,0,0,0,0,0,0,0,0,0,149,2752,x,0,2752,0,0,x,0,0,258,0,0,0,21,98,98,0,0,0,0,0,0,0,0,0,0,0,0,0,0,0,0,20814,14886,5929,0,0,0,0,0,0,0,37,37
Libya,0,5783,-1824,-269,-59,0,3631,1034,3,-2795,0,0,0,0,0,0,0,0,0,0,0,0,0,5735,0,0,0,-198,0,7410,482,0,0,0,0,0,0,0,0,0,0,0,0,0,482,5678,x,6,5672,0,0,x,0,0,432,0,0,0,0,817,817,0,0,0,0,777,0,0,0,0,0,0,0,0,0,0,0,11756,11756,0,0,0,0,0,0,0,0,36,36
Lithuania,0,928,-7614,-202,-125,-24,-7037,-3,0,0,0,-4,-19,-8,-1,0,0,0,0,0,0,0,0,9967,0,0,0,-517,-1,2378,38,2,12,21,0,1,0,3,0,0,11,1,2,2,3,1961,x,1,1887,61,0,x,5,7,57,2,46,1,7,266,241,241,156,0,0,76,0,6,0,0,0,0,1,0,2,25,0,131,0,0,2,129,10,3,0,6,1,0,66
Luxembourg,0,2923,-3,0,-613,8,2314,0,0,0,0,0,0,0,0,0,0,0,0,0,0,0,0,0,0,0,0,0,0,2314,18,0,4,10,1,1,0,3,0,2,3,0,0,0,4,1979,x,0,1962,16,0,x,0,0,147,115,16,0,0,39,30,30,16,0,14,0,0,0,0,0,0,0,0,0,0,9,0,0,0,0,0,0,0,0,0,0,0,0,69
Malaysia,0,19764,-16029,-419,-2591,469,1195,2576,365,-226,-154,0,0,0,0,0,0,0,0,0,0,0,0,24677,0,0,0,-153,0,28279,2897,0,0,0,0,0,0,0,0,0,0,0,0,0,2897,20366,x,530,19836,0,0,x,0,0,789,448,299,669,0,2811,2811,0,0,0,0,2022,0,0,0,0,0,0,0,0,0,0,0,1048,511,537,0,0,0,0,0,0,0,24,24
Malta,0,2940,-351,-2204,-157,67,296,0,3,-5,0,0,0,0,0,0,0,0,0,0,0,0,0,0,0,0,0,0,0,293,14,1,1,0,0,0,0,0,0,0,0,0,0,0,12,222,x,1,208,0,0,x,13,0,15,24,4,2,0,12,12,12,5,0,0,0,0,0,0,0,0,0,0,0,7,0,0,18,18,0,0,0,0,0,0,0,0,29,29
Mauritius,0,1701,0,-566,-335,-2,799,0,-10,-239,0,0,0,0,0,0,0,0,0,0,0,0,0,0,0,0,0,0,0,550,78,0,0,0,0,0,0,0,0,0,0,0,0,0,78,379,x,4,362,0,0,x,10,4,56,19,2,0,0,15,0,0,0,0,0,0,0,0,0,0,0,0,0,0,0,15,0,1223,1223,0,0,0,0,0,0,0,0,44,44
Mexico,0,56941,-7200,-828,-4373,-471,44069,5777,528,-6850,-1000,0,-368,0,0,0,0,0,0,-780,0,0,0,36123,-34,0,0,-3751,0,73714,5695,306,257,3331,130,332,0,2519,22,41,180,106,0,0,1801,53116,x,14,51833,635,0,x,634,0,5756,1522,3367,0,0,4258,4258,4258,0,0,0,3333,0,0,120,0,0,0,0,0,805,0,0,35159,29671,4656,0,832,0,0,0,0,0,38,37
Republic of Moldova,0,1030,-27,0,-55,-1,947,-5,0,0,0,0,-7,0,-1,0,0,0,0,0,0,0,0,10,0,0,0,0,-3,941,40,4,7,29,0,3,0,25,0,0,1,0,0,0,0,673,x,0,666,6,0,x,0,1,63,1,100,0,0,65,56,56,55,0,0,0,0,0,0,0,0,0,0,0,0,9,0,8,0,1,0,7,5,0,4,0,0,0,72
Mongolia,0,1390,0,0,-39,0,1351,0,0,-99,0,-3,0,0,0,0,0,0,0,0,0,0,0,0,0,0,0,0,0,1249,468,219,0,0,0,0,0,0,0,0,0,0,0,0,249,709,x,4,510,196,0,x,0,0,0,0,71,0,0,0,0,0,0,0,0,0,0,0,0,0,0,0,0,0,0,0,0,295,288,0,7,0,1,1,0,0,0,25,26
Montenegro,0,421,-32,0,-23,-2,363,0,0,0,0,0,0,0,0,0,0,0,0,0,0,0,0,0,0,0,0,0,0,363,56,10,0,30,0,1,2,3,0,2,10,0,11,0,16,250,x,0,250,0,0,x,0,0,2,10,4,0,0,42,31,31,18,0,0,0,12,0,0,0,0,0,0,0,2,6,5,0,0,0,0,0,0,0,0,0,0,0,0
Morocco,0,13239,0,-134,-781,68,12393,0,32,-301,0,0,0,0,0,0,0,0,0,0,0,0,0,0,0,0,0,0,0,12124,2081,391,60,1608,0,66,71,1178,5,1,209,25,0,53,23,5936,x,29,5898,10,0,x,0,0,2579,153,934,0,0,440,440,440,0,0,0,0,0,0,0,0,0,0,0,0,440,0,0,1289,1289,0,0,0,0,0,0,0,0,37,37
Mozambique,0,1619,-37,-8,-3,1,1572,-1,6,0,0,0,0,0,0,0,0,0,0,0,0,0,0,0,0,0,0,0,0,1578,217,172,15,0,0,0,0,0,0,0,0,0,0,0,30,1167,x,37,1031,20,0,x,76,3,41,9,1,1,0,141,141,0,0,0,0,0,0,0,0,0,0,0,0,0,0,0,0,0,0,0,0,0,0,0,0,0,0,0,0
Myanmar,0,6679,0,-1,-74,0,6603,14,0,-21,0,0,0,0,0,0,0,0,0,0,0,0,0,225,0,0,0,-7,0,6814,2216,480,1438,275,0,0,0,0,0,0,107,0,169,0,23,1932,x,120,1383,347,0,x,82,0,13,454,1326,6,535,332,260,0,0,0,0,0,0,0,0,0,0,0,0,0,0,72,0,77,77,0,0,0,0,0,0,0,0,32,32
Namibia,0,1370,-4,0,-39,0,1327,0,-31,0,0,0,0,0,0,0,0,0,0,0,0,0,0,0,0,0,0,0,0,1296,100,75,25,0,0,0,0,0,0,0,0,0,0,0,0,700,x,6,661,0,0,x,26,7,2,2,352,0,114,26,16,0,0,0,0,0,0,0,0,0,0,0,0,0,0,6,3,0,0,0,0,0,0,0,0,0,0,25,25
Nepal,0,2720,0,0,-138,0,2582,0,73,0,0,0,0,0,0,0,0,0,0,0,0,0,0,0,0,0,0,0,0,2655,25,0,0,0,0,0,0,0,0,0,0,0,0,0,25,1762,x,35,1727,0,0,x,0,0,325,243,291,0,0,11,11,0,0,0,0,0,0,0,0,0,0,0,0,0,0,0,0,0,0,0,0,0,0,0,0,0,0,36,36
Netherlands,0,88255,-110494,-10930,-4015,990,-36194,2942,263,0,0,-204,-169,-120,-34,0,0,0,0,-134,0,0,0,62061,-3015,0,0,-2232,0,23166,3570,3,446,3120,5,3093,1,8,6,3,2,1,0,0,1,10183,x,11,9852,22,0,x,298,0,37,164,366,147,62,8638,8533,8533,96,0,0,8371,0,0,0,0,0,15,0,0,52,66,38,1303,0,0,713,590,268,76,69,96,27,0,72
New Zealand,0,2841,-202,-310,-1300,92,1121,209,147,-3,0,0,0,0,0,0,0,0,0,0,0,0,0,5572,0,0,0,-337,0,6709,451,62,133,0,0,0,0,0,0,0,0,0,0,0,256,5339,x,361,4844,38,0,x,96,0,86,156,321,55,0,300,300,300,83,0,0,0,95,0,0,0,0,0,0,0,122,0,0,12,11,0,0,0,0,0,0,0,0,36,36
Nicaragua,0,1014,-27,0,-15,-21,950,0,-5,-408,-8,0,0,0,0,0,0,0,0,0,0,0,0,693,0,0,0,-33,0,1189,187,0,10,0,0,0,0,0,0,0,0,0,0,0,177,736,x,2,656,0,0,x,77,0,60,159,15,0,0,32,32,0,0,0,0,0,0,0,0,0,0,0,0,0,0,0,0,1898,1865,33,0,0,0,0,0,0,0,39,39
Niger,0,181,-298,0,-51,0,-168,0,-7,-56,-27,0,0,0,0,0,0,0,0,0,0,0,0,826,0,0,0,0,0,568,78,0,0,0,0,0,0,0,0,0,0,0,0,0,78,455,x,2,453,0,0,x,0,0,19,11,0,0,0,4,4,0,0,0,0,0,0,0,0,0,0,0,0,0,0,0,0,342,213,128,0,0,0,0,0,0,0,35,35
Nigeria,0,20581,-255,-326,-693,2612,21920,-249,362,0,0,0,0,0,0,0,0,0,0,0,0,0,0,2724,0,0,0,-552,-81,24124,445,0,0,0,0,0,0,0,0,0,0,0,0,0,445,22689,x,210,22222,129,0,x,129,0,642,1,4,0,174,169,169,0,0,0,0,0,0,0,0,0,0,0,0,0,0,0,0,0,0,0,0,0,0,0,0,0,0,0,0
Republic of North Macedonia,0,1095,-117,0,-23,8,963,0,0,-13,0,0,0,0,0,0,0,0,0,0,0,0,0,0,0,0,0,-2,0,948,124,14,13,96,45,2,1,25,1,3,15,0,0,5,0,696,x,0,693,2,0,x,0,0,11,57,11,0,0,50,42,42,25,0,0,0,0,14,0,0,0,0,0,0,2,8,0,47,47,0,0,0,0,0,0,0,0,32,32
Norway,0,5771,-21660,-164,-562,-190,-16805,8466,-548,-3,0,-1,0,-15,0,0,0,0,0,0,0,0,0,17431,-48,0,0,-876,0,7602,853,63,230,546,8,355,21,60,4,8,75,8,7,0,13,4013,x,385,2897,14,0,x,717,0,53,362,127,122,52,2019,1971,1971,351,1,9,1149,66,391,1,3,0,0,0,0,0,3,45,30,28,0,1,0,15,1,0,14,0,81,89
Oman,0,575,-4473,-2386,-303,0,-6587,-747,-99,-278,0,0,0,0,0,0,0,0,0,0,0,0,0,15712,0,0,0,-172,0,7830,708,0,0,0,0,0,0,0,0,0,0,0,0,0,708,4141,x,58,4083,0,0,x,0,0,250,0,0,0,768,1963,1963,0,0,0,0,1841,0,0,0,0,0,0,0,0,0,0,0,1130,1130,0,0,0,0,0,0,0,0,35,35
Pakistan,0,15992,-1049,-40,-878,6,14031,612,154,-6587,0,0,0,0,0,0,0,0,0,0,0,0,0,13997,0,0,0,-270,0,21937,1910,0,0,1494,0,650,0,845,0,0,0,0,0,0,416,17668,x,112,17207,349,0,x,0,0,619,806,16,0,309,608,608,0,0,0,0,0,0,0,0,0,0,0,0,0,0,0,0,31221,31221,0,0,0,0,0,0,0,0,41,41
Panama,0,8011,0,-4401,-752,53,2909,0,-130,-276,0,0,0,0,0,0,0,0,0,0,0,0,0,0,0,0,0,0,0,2503,612,0,0,0,0,0,0,0,0,0,0,0,0,0,612,1611,x,14,1596,0,0,x,0,1,154,71,12,1,0,42,42,0,0,0,0,0,0,0,0,0,0,0,0,0,0,0,0,1409,1409,0,0,0,0,0,0,0,0,44,44
Paraguay,0,2797,0,0,-68,-21,2707,0,-1,0,0,0,0,0,0,0,0,0,0,0,0,0,0,0,0,0,0,0,0,2706,51,0,0,44,0,0,0,44,0,0,0,0,0,0,7,2508,x,1,2498,0,0,x,0,8,87,0,0,0,0,59,59,0,0,0,0,0,0,0,0,0,0,0,0,0,0,0,0,2,0,2,0,0,0,0,0,0,0,27,27
Peru,0,5522,-4742,-487,-713,737,317,1526,-52,-122,-203,0,0,0,0,0,0,0,0,0,0,0,0,8786,0,0,0,-172,0,10080,1019,299,0,63,0,0,62,0,0,0,0,0,0,0,657,7482,x,366,7086,0,0,x,30,0,944,266,45,35,0,290,290,0,0,0,0,0,0,0,0,0,0,0,0,0,0,0,0,748,334,414,0,0,0,0,0,0,0,20,20
Philippines,0,12208,-1641,-83,-1625,-398,8462,0,-482,-728,0,0,0,0,0,0,0,0,0,0,0,0,0,11095,0,0,0,-134,0,18213,1469,216,227,977,129,148,0,223,0,139,311,7,15,5,49,11795,x,584,10330,2,0,x,880,0,1255,2223,42,169,0,1262,1262,0,0,0,0,1111,0,0,0,0,0,0,0,0,0,0,0,3173,3173,0,0,0,0,0,0,0,0,37,37
Poland,0,9026,-5873,-267,-1006,-122,1758,-83,-27,-1,0,-106,-262,-20,-1,0,0,0,0,0,0,0,0,28657,-663,0,0,-829,0,28421,747,77,41,608,6,304,11,92,18,31,79,37,24,6,20,20685,x,33,20547,103,0,x,2,0,631,444,2277,0,0,3637,3248,3243,1294,6,2,1849,1,24,2,7,1,0,1,0,56,134,256,1800,5,0,453,1342,96,10,67,18,1,31,64
Portugal,0,2783,-5268,-807,-1364,-370,-5026,-36,-11,-172,-1,-39,-21,0,0,0,0,0,0,0,0,0,0,13979,-237,0,0,-682,0,7754,580,29,89,459,2,14,2,284,8,18,70,45,6,10,3,5488,x,179,5199,10,0,x,100,0,420,162,282,77,26,719,680,679,180,1,1,482,0,1,2,2,0,5,2,1,3,33,6,1122,830,1,192,99,4,1,3,0,0,41,43
Qatar,0,235,-17311,0,-3046,-311,-20433,12347,157,0,0,0,0,0,0,0,0,0,0,0,0,0,0,16450,0,0,0,-161,0,8361,2234,0,0,0,0,0,0,0,0,0,0,0,0,0,2234,3894,x,0,3894,0,0,x,0,0,157,0,0,0,0,2076,2076,0,0,0,0,2076,0,0,0,0,0,0,0,0,0,0,0,0,0,0,0,0,0,0,0,0,0,0,0
Romania,0,2639,-5403,-18,-122,172,-2732,0,-375,-2,-1,-112,-91,-94,-4,0,0,0,0,0,0,0,0,12862,-68,0,0,-827,-2,8555,959,14,244,696,1,315,0,312,6,11,33,0,14,3,5,5937,x,49,5753,94,0,x,41,0,280,103,364,0,212,699,608,608,366,1,1,19,64,145,3,2,1,0,0,3,3,76,16,599,8,6,229,356,131,57,0,71,3,41,60
Russian Federation,0,1100,-129929,-11758,-5697,101,-146182,-4,1437,0,-1068,-963,-1289,0,-4148,0,0,0,0,0,0,0,0,280915,0,0,0,-4166,0,124532,7921,1428,1501,2409,325,436,0,334,172,99,644,203,166,30,2582,61697,x,5699,52131,2636,189,x,414,628,13384,2231,2862,731,0,35705,35705,35705,0,0,0,18852,0,0,0,0,0,0,0,0,16853,0,0,7911,0,4039,952,2920,4451,397,634,0,3420,33,69
Saudi Arabia,0,43384,-118234,-3377,-3671,-1113,-83012,56873,4332,-5968,-996,0,0,0,0,0,0,0,0,0,0,0,0,132274,0,0,0,-8381,0,95121,23246,0,0,0,0,0,0,0,0,0,0,0,0,0,23246,45454,x,852,44603,0,0,x,0,0,1844,0,0,0,0,24577,24577,0,0,0,0,21198,0,0,0,0,0,0,0,0,0,0,0,98724,78010,20714,0,0,0,0,0,0,0,122,122
Senegal,0,1653,-83,0,-212,20,1379,0,-302,-902,-106,0,0,0,0,0,0,0,0,0,0,0,0,985,0,0,0,-15,0,1040,25,0,0,17,0,0,0,17,0,0,0,0,0,0,8,816,x,1,762,0,0,x,53,0,134,63,0,0,0,0,0,0,0,0,0,0,0,0,0,0,0,0,0,0,0,0,0,3709,3320,389,0,0,0,0,0,0,0,32,32
Serbia,0,910,-916,-17,-139,-53,-215,-6,1,0,0,0,-71,-65,-39,0,0,0,0,0,0,0,0,3902,-163,0,0,-154,0,3190,327,30,17,269,1,56,8,150,1,7,38,2,1,6,11,2079,x,0,2061,11,0,x,7,0,37,63,112,0,0,573,559,559,144,4,5,371,4,4,4,4,4,4,4,4,4,14,0,52,0,0,0,52,148,0,68,58,22,0,87
Singapore,0,111784,-84387,-47984,-8718,514,-28792,-7111,624,-10,-124,0,0,0,0,0,0,0,0,0,0,0,0,51482,0,0,0,-1991,0,14078,3961,0,0,3186,0,3186,0,0,0,0,0,0,0,0,775,2279,x,0,2201,0,0,x,77,0,25,76,0,0,0,7736,7736,0,0,0,0,7178,0,0,0,0,0,0,0,0,0,0,0,317,25,293,0,0,0,0,0,0,0,20,20
Slovak Republic,0,1934,-3569,0,-47,-46,-1728,0,0,0,0,-3,-77,0,0,0,0,0,0,0,0,0,0,6143,-218,0,0,-513,0,3605,357,4,6,347,0,289,0,44,9,3,1,1,0,0,0,2432,x,0,2397,0,0,x,0,35,8,6,62,0,0,739,688,688,118,0,0,498,51,18,0,0,0,0,0,0,3,0,51,459,0,2,8,449,11,1,10,0,0,0,63
Slovenia,0,4800,-2141,-220,-35,19,2423,0,0,-2,0,-3,0,-4,0,0,0,0,0,0,0,0,0,0,0,0,0,-1,0,2414,116,5,23,84,2,4,7,33,2,18,10,3,3,1,4,1870,x,0,1861,8,0,x,0,0,125,65,70,0,24,144,144,144,56,0,1,6,27,7,0,0,0,0,0,0,48,0,0,18,5,0,11,2,4,1,0,3,0,29,67
South Africa,0,10602,-4616,-2694,-1288,0,2004,5012,1888,-45,0,0,0,0,0,0,0,0,0,0,0,0,0,19272,0,0,0,-871,0,27260,1934,1237,491,69,9,4,0,7,2,25,15,3,1,3,137,18946,x,1255,17218,189,18,x,266,0,587,202,1155,63,759,3615,3406,0,0,0,0,0,0,0,0,0,0,0,0,0,0,58,151,182,182,0,0,0,0,0,0,0,0,35,35
South Sudan,0,439,0,0,-62,0,376,0,0,-135,-10,0,0,0,0,0,0,0,0,0,0,0,0,0,0,0,0,0,-2,229,13,0,0,0,0,0,0,0,0,0,0,0,0,0,13,191,x,3,188,0,0,x,0,0,4,3,17,0,0,0,0,0,0,0,0,0,0,0,0,0,0,0,0,0,0,0,0,580,540,40,0,0,0,0,0,0,0,34,34
Spain,0,18450,-22495,-6932,-4654,270,-15361,-688,-277,-2341,-132,0,-475,0,0,0,0,0,0,0,0,0,0,68011,-78,0,0,-4884,0,43774,2939,151,500,2249,77,127,67,1431,28,106,281,84,23,25,39,29993,x,2194,26662,80,0,x,981,76,2748,1334,1780,286,35,4659,4437,4437,873,4,14,3102,121,5,15,25,26,12,9,20,211,207,15,14498,10740,395,0,3363,0,0,0,0,0,39,42
Sri Lanka,0,4321,-96,-605,-526,100,3194,0,132,-794,0,0,0,0,0,0,0,0,0,0,0,0,0,1672,0,0,0,-15,0,4189,214,0,0,0,0,0,0,0,0,0,0,0,0,0,214,3299,x,10,3186,34,0,x,69,0,312,76,0,0,214,72,71,0,0,0,0,0,0,0,0,0,0,0,0,0,0,0,2,3725,3725,0,0,0,0,0,0,0,0,40,40
Sudan,0,1441,-288,-27,-218,0,908,0,232,-853,0,0,0,0,0,0,0,0,0,0,0,0,0,4438,0,0,0,-49,0,4675,439,0,60,237,0,0,0,28,0,0,209,0,0,0,143,3559,x,57,3473,25,0,x,4,0,139,85,81,0,73,300,300,0,0,0,0,4,0,0,0,0,0,0,0,0,0,0,0,3777,3777,0,0,0,0,0,0,0,0,38,38
Suriname,0,221,-188,0,-47,0,-14,141,-143,-114,-171,0,0,0,0,0,0,0,0,0,0,0,0,667,0,0,0,-3,0,363,21,0,9,0,0,0,0,0,0,0,0,0,0,0,12,204,x,0,131,0,0,x,0,73,27,10,98,0,0,4,0,0,0,0,0,0,0,0,0,0,0,0,0,0,0,0,4,939,342,597,0,0,0,0,0,0,0,28,28
Sweden,0,8484,-15916,-1789,-937,363,-9796,-2222,-497,-6,0,-70,-15,-33,0,0,0,0,0,0,0,0,0,21966,0,0,0,-341,0,8985,994,111,153,689,225,41,35,87,25,30,44,172,27,3,41,5439,x,177,5087,14,0,x,161,0,188,229,285,27,0,1823,1823,1823,420,0,0,1391,0,0,0,0,0,0,0,0,12,0,0,307,22,0,157,128,76,47,0,29,0,32,82
Switzerland,0,7027,-430,-3,-1844,448,5198,1,281,0,-2,0,-3,-4,0,0,0,0,0,0,0,0,0,3155,0,0,-3,-156,0,8467,288,0,43,209,3,20,2,40,0,84,45,7,0,9,36,5237,x,65,5126,9,0,x,37,0,1612,701,0,0,174,454,424,424,275,0,0,90,0,0,0,0,0,0,0,0,58,30,0,24,1,10,0,12,4,0,1,3,0,35,67
Syrian Arab Republic,0,1071,-792,-365,-8,0,-94,86,-598,-1650,-289,0,0,0,0,0,0,0,0,0,0,0,0,7335,0,0,0,-214,0,4576,768,0,0,0,0,0,0,0,0,0,0,0,0,0,768,2138,x,77,2061,0,0,x,0,0,845,158,230,0,81,356,345,0,0,0,0,1,0,0,0,0,0,0,0,0,0,11,0,6954,6282,672,0,0,0,0,0,0,0,31,31
Chinese Taipei,0,18464,-18014,-1173,-2911,37,-3596,-593,39,-1617,-2,-12,-451,0,0,0,0,0,0,0,0,0,0,48349,0,0,0,-2955,0,39163,1610,29,62,1391,131,598,24,182,22,86,147,59,4,138,129,11964,x,99,11691,18,0,x,156,0,1076,757,69,298,107,23280,23280,0,0,0,0,19850,0,0,0,0,0,0,0,0,0,0,0,8247,6847,8,38,1353,97,3,95,0,0,36,39
Tajikistan,0,959,0,0,-30,0,930,0,0,0,0,0,0,0,0,0,0,0,0,0,0,0,0,45,0,0,0,0,0,975,130,15,0,42,0,42,0,0,0,0,0,0,0,0,73,407,x,0,407,0,0,x,0,0,0,0,0,0,418,20,2,2,2,0,0,0,0,0,0,0,0,0,0,0,0,0,17,0,0,0,0,0,0,0,0,0,0,0,0
United Republic of Tanzania,0,2583,0,-5,-139,0,2439,0,61,-382,0,0,0,0,0,0,0,0,0,0,0,0,0,0,0,0,0,0,0,2117,16,0,0,0,0,0,0,0,0,0,0,0,0,0,16,1867,x,71,1795,0,0,x,0,0,154,0,24,0,0,56,56,0,0,0,0,0,0,0,0,0,0,0,0,0,0,0,0,1330,1330,0,0,0,0,0,0,0,0,30,30
Thailand,0,7072,-13405,-1406,-4777,-3884,-16399,8050,442,-42,-8,0,0,0,0,0,0,0,0,0,0,0,0,62861,0,0,0,-775,0,54129,2909,9,95,1943,294,391,0,203,0,213,597,91,66,88,861,23824,x,890,22660,78,0,x,196,0,1724,822,2873,0,0,21978,21978,0,0,0,0,18704,0,0,0,0,0,0,0,0,0,0,0,178,151,27,0,0,0,0,0,0,0,31,31
Togo,0,501,0,0,-66,18,453,0,-4,-39,-1,0,0,0,0,0,0,0,0,0,0,0,0,0,0,0,0,0,0,409,36,0,0,32,4,3,5,19,0,0,0,0,0,0,4,336,x,0,336,0,0,x,0,0,35,2,0,0,0,0,0,0,0,0,0,0,0,0,0,0,0,0,0,0,0,0,0,179,175,4,0,0,0,0,0,0,0,39,39
Trinidad and Tobago,0,0,-4092,-416,-193,-149,-4850,928,-47,-7,0,0,0,0,0,0,0,0,0,0,0,0,0,5143,0,0,0,-124,0,1044,118,0,0,0,0,0,0,0,0,0,0,0,0,0,118,839,x,88,751,0,0,x,0,0,72,6,0,0,0,10,10,0,0,0,0,0,0,0,0,0,0,0,0,0,0,0,0,34,34,0,0,0,0,0,0,0,0,40,40
Tunisia,0,4225,-538,-10,-294,63,3447,142,-85,0,-20,0,0,0,0,0,0,0,0,0,0,0,0,1074,0,0,0,-36,0,4522,763,0,0,460,0,0,0,460,0,0,0,0,0,0,303,2366,x,4,2346,16,0,x,0,0,583,101,398,0,0,310,239,239,230,0,0,0,0,0,0,0,0,0,0,0,9,61,9,47,1,46,0,0,0,0,0,0,0,20,20
Turkey,0,26937,-4636,-899,-3798,-570,17034,-2991,-21,0,-1,0,-66,0,0,0,0,0,0,0,0,0,0,28514,-1837,0,0,-1477,0,39154,4231,114,38,3870,8,5,4,3804,5,6,19,4,7,7,209,27250,x,1272,25463,126,0,x,388,0,215,779,2843,89,0,3749,3448,3448,2808,0,0,609,0,0,0,0,0,1,0,4,25,301,0,329,0,2,0,327,32,0,32,0,0,23,90
Turkmenistan,0,0,-2588,0,-483,0,-3071,777,0,0,0,0,0,0,0,0,0,0,0,0,0,0,0,8687,0,0,0,-126,0,6267,0,0,0,0,0,0,0,0,0,0,0,0,0,0,0,2640,x,0,2640,0,0,x,0,0,154,0,0,0,3473,0,0,0,0,0,0,0,0,0,0,0,0,0,0,0,0,0,0,0,0,0,0,0,0,0,0,0,0,0,0
Ukraine,0,10208,-297,0,-300,78,9690,-221,-1064,-118,-13,-131,-25,-25,-12,0,0,0,0,0,0,0,0,2417,0,0,-28,-48,0,10421,445,162,83,192,77,2,26,33,8,11,20,1,10,4,8,7394,x,6,7207,136,5,x,39,0,76,114,1170,1,0,1221,436,428,100,12,19,116,4,124,1,18,1,0,1,5,27,12,773,1221,429,44,710,38,79,37,13,20,9,31,57
United Arab Emirates,0,18392,-44962,-16389,-7273,30,-50202,15560,-1182,-241,0,0,0,0,0,0,0,0,0,0,0,0,0,54337,0,0,0,-502,0,17770,1434,0,0,44,0,44,0,0,0,0,0,0,0,0,1390,12761,x,383,12378,0,0,x,0,0,304,0,0,0,0,3271,3124,0,0,0,0,2895,0,0,0,0,0,0,0,0,0,0,147,953,953,0,0,0,0,0,0,0,0,34,34
United Kingdom,0,35850,-22668,-2430,-11743,281,-710,1225,2,-130,-7,0,-283,0,-45,0,0,0,0,0,0,-55,0,59644,-425,0,0,-4132,0,55085,2080,0,218,684,4,117,7,175,153,0,114,32,37,44,1179,39707,x,884,37302,620,0,x,902,0,2306,2181,755,147,395,7512,7368,7368,1492,0,0,5003,0,0,38,153,0,0,0,0,682,63,81,1073,625,14,0,435,29,0,0,0,29,40,26
United States,0,76296,-219638,-21741,-25181,1132,-189130,108235,2818,-7184,-131,-546,-1644,0,0,0,0,0,0,0,0,0,0,879091,0,0,0,-32037,0,759473,21114,2753,11020,5912,153,2370,238,1442,258,567,346,188,350,0,1429,578151,x,59268,496578,13787,0,x,8518,0,15226,11111,14359,0,0,119512,113125,112370,18854,285,696,84348,0,132,608,1290,0,13,690,0,5454,4448,1939,42928,29835,361,4698,8033,767,767,0,0,0,36,47
Uruguay,0,189,-1,-144,-108,-3,-67,0,1,-99,-1,0,0,0,0,0,0,0,0,0,0,0,0,2186,0,0,0,-144,-5,1872,242,0,14,156,0,7,0,3,0,0,41,101,4,1,72,1208,x,3,1190,0,0,x,15,0,127,19,142,15,0,118,117,0,0,0,0,0,0,0,0,0,0,0,0,0,0,0,2,351,348,3,0,0,0,0,0,0,0,30,30
Uzbekistan,0,93,-129,0,0,-122,-157,0,72,-58,-1,-75,0,-44,0,0,0,0,0,0,0,0,0,4191,0,0,0,-216,-7,3703,108,5,0,101,65,17,0,17,1,0,0,0,0,0,2,2818,x,200,2525,92,0,x,0,1,509,13,3,0,1,251,88,0,0,0,0,0,0,0,0,0,0,0,0,0,0,0,163,459,221,1,236,0,38,13,0,25,0,32,43
Bolivarian Republic of Venezuela,0,6770,-12400,-141,-252,0,-6023,-279,798,-5160,0,0,0,0,0,0,0,0,0,0,0,0,0,30697,0,0,0,-4154,0,15878,1926,0,0,32,0,0,0,32,0,0,0,0,0,0,1893,11200,x,223,10977,0,0,x,0,0,773,282,0,0,0,1697,1697,0,0,0,0,1085,0,0,0,0,0,0,0,0,0,0,0,16560,16560,0,0,0,0,0,0,0,0,28,28
Viet Nam,0,13596,-2241,-283,-1129,-381,9563,1044,-8,-48,-17,0,0,0,0,0,0,0,0,0,0,0,0,10217,0,0,0,0,0,20750,4618,470,190,2676,351,464,0,414,211,425,332,72,143,264,1282,12058,x,761,11180,47,0,x,71,0,815,1341,438,0,0,1479,1479,0,0,0,0,0,0,0,0,0,0,0,0,0,0,0,0,258,189,69,0,0,0,0,0,0,0,34,34
Yemen,0,1536,0,-103,-6,1,1428,13,-10,-667,-53,0,0,0,0,0,0,0,0,0,0,0,0,1038,0,0,0,-26,0,1723,244,0,0,0,0,0,0,0,0,0,0,0,0,0,244,886,x,0,886,0,0,x,0,0,475,63,47,0,0,9,9,0,0,0,0,0,0,0,0,0,0,0,0,0,0,0,0,2836,2578,258,0,0,0,0,0,0,0,34,34
Zambia,0,825,-14,0,-40,0,771,0,-3,-115,0,0,0,0,0,0,0,0,0,0,0,0,0,593,0,0,0,-14,0,1232,347,257,34,25,0,0,25,0,0,0,0,0,0,0,31,674,x,0,674,0,0,x,0,0,3,42,25,0,71,70,70,0,0,0,0,0,0,0,0,0,0,0,0,0,0,0,0,456,456,0,0,0,0,0,0,0,0,34,34
Zimbabwe,0,1482,0,0,-74,0,1408,0,-15,-17,0,0,0,0,0,0,0,0,0,0,0,0,0,0,0,0,0,-17,0,1359,60,20,6,26,2,2,0,7,0,2,8,2,1,1,8,944,x,0,900,44,0,x,0,0,80,0,129,0,124,22,22,0,0,0,0,0,0,0,0,0,0,0,0,0,0,0,0,49,49,0,0,0,0,0,0,0,0,25,25
Former Soviet Union (if no detail),x,x,x,x,x,x,x,x,x,x,x,x,x,x,x,x,x,x,x,x,x,x,x,x,x,x,x,x,x,x,x,x,x,x,x,x,x,x,x,x,x,x,x,x,x,x,x,x,x,x,x,x,x,x,x,x,x,x,x,x,x,x,x,x,x,x,x,x,x,x,x,x,x,x,x,x,x,x,x,x,x,x,x,x,x,x,x,x,x
Former Yugoslavia (if no detail),x,x,x,x,x,x,x,x,x,x,x,x,x,x,x,x,x,x,x,x,x,x,x,x,x,x,x,x,x,x,x,x,x,x,x,x,x,x,x,x,x,x,x,x,x,x,x,x,x,x,x,x,x,x,x,x,x,x,x,x,x,x,x,x,x,x,x,x,x,x,x,x,x,x,x,x,x,x,x,x,x,x,x,x,x,x,x,x,x
Other Africa,0,11864,-417,-325,-700,-70,10353,0,29,-1911,-212,0,0,0,0,0,0,0,0,0,0,0,0,781,0,0,0,0,0,9040,1891,121,0,4,0,0,0,0,0,0,4,0,0,0,1766,5769,x,87,5643,33,0,x,6,0,693,52,183,0,256,194,194,0,0,0,0,0,0,0,0,0,0,0,0,0,0,0,0,8235,7413,822,0,0,0,0,0,0,0,33,33
Other non-OECD Americas,0,4848,-5,-529,-501,0,3813,1,82,-1721,-104,0,0,0,0,0,0,0,0,0,0,0,0,0,0,0,0,0,0,2071,263,0,1,0,0,0,0,0,0,0,0,0,0,0,262,1291,x,17,1174,0,0,x,41,59,166,97,159,0,38,58,58,0,0,0,0,0,0,0,0,0,0,0,0,0,0,0,0,8762,8369,393,0,0,0,0,0,0,0,41,41
Other non-OECD Asia,0,5987,-435,-279,-258,1,5017,1,173,-1163,-694,0,0,0,0,0,0,0,0,0,0,0,0,1409,0,0,0,0,0,4744,894,0,0,0,0,0,0,0,0,0,0,0,0,0,894,3162,x,226,2470,0,0,x,262,204,215,13,118,0,219,122,122,0,0,0,0,0,0,0,0,0,0,0,0,0,0,0,0,5242,3424,1819,0,0,0,0,0,0,0,24,24
Memo: Greenland,0,191,0,-22,-8,7,168,0,2,0,0,-28,0,0,0,0,0,0,0,0,0,0,0,0,0,0,0,0,-3,140,10,1,4,5,0,0,0,0,0,0,4,0,0,0,0,32,x,8,14,0,0,x,10,0,33,16,1,46,0,3,3,0,0,0,0,0,0,0,0,0,0,0,0,0,0,0,0,105,0,0,105,0,15,15,0,0,0,0,87
Memo: Guyana,0,805,0,0,-21,8,793,0,3,-194,-93,0,0,0,0,0,0,0,0,0,0,0,0,0,0,0,0,0,0,509,201,175,6,0,0,0,0,0,0,0,0,0,0,0,20,261,x,1,260,0,0,x,0,0,30,8,0,0,0,8,8,0,0,0,0,0,0,0,0,0,0,0,0,0,0,0,0,1091,830,261,0,0,0,0,0,0,0,33,33
Memo: Madagascar,0,826,0,-10,-46,14,784,0,24,-208,-25,0,0,0,0,0,0,0,0,0,0,0,0,0,0,0,0,0,0,575,52,21,17,0,0,0,0,0,0,0,0,0,0,0,13,429,x,10,394,0,0,x,23,2,40,0,0,0,31,23,23,0,0,0,0,0,0,0,0,0,0,0,0,0,0,0,0,892,812,79,0,0,0,0,0,0,0,33,33
Memo: Mali,0,1703,0,0,-66,3,1640,0,140,-363,-371,0,0,0,0,0,0,0,0,0,0,0,0,0,0,0,0,0,0,1047,13,0,0,0,0,0,0,0,0,0,0,0,0,0,13,932,x,0,712,181,0,x,0,39,21,0,61,0,0,20,0,0,0,0,0,0,0,0,0,0,0,0,0,0,0,0,20,2216,1098,1118,0,0,0,0,0,0,0,26,26
Memo: Palestinian Authority,0,1037,0,0,0,0,1037,0,0,-77,0,0,0,0,0,0,0,0,0,0,0,0,0,0,0,0,0,0,-3,956,29,0,0,0,0,0,0,0,0,0,0,0,0,0,29,704,x,0,704,0,0,x,0,0,154,25,9,0,0,36,36,0,0,0,0,0,0,0,0,0,0,0,0,0,0,0,0,361,361,0,0,0,0,0,0,0,0,40,40
Memo: Uganda,0,1843,0,0,-107,0,1736,0,0,-70,0,0,0,0,0,0,0,0,0,0,0,0,0,0,0,0,0,0,0,1666,364,0,0,0,0,0,0,0,0,0,0,0,0,0,364,1140,x,1,1075,33,0,x,31,0,52,31,31,31,0,18,18,0,0,0,0,0,0,0,0,0,0,0,0,0,0,0,0,292,292,0,0,0,0,0,0,0,0,36,36
Memo: Africa (UN),0,118170,-37518,-5258,-8842,2153,68704,19411,1699,-16678,-891,0,0,0,0,0,0,0,0,0,0,0,0,102913,-15,0,0,-3355,-207,171580,17178,2441,1202,2790,15,85,110,1938,20,28,491,32,3,68,10746,121856,x,2636,117342,747,18,x,1100,13,14461,1534,4567,123,2719,9143,8768,..,..,..,..,895,..,..,..,..,..,..,..,..,..,174,201,63898,60827,3071,0,0,0,0,0,0,0,31,31
Memo: Americas (UN),0,254209,-295826,-36423,-40835,1417,-117458,129731,21541,-31893,-4922,-549,-2806,0,0,0,0,0,-1,-794,-1685,0,0,1222382,-2908,0,0,-63528,-67,1147044,57165,9221,13983,19808,615,5018,1409,8094,281,609,1428,1316,974,62,14153,834698,x,71600,732136,17738,14,x,12469,741,37363,17564,34247,288,2780,162940,152681,..,..,..,..,108129,..,..,..,..,..,..,..,..,..,4589,5670,176293,137951,20727,4708,12907,768,768,0,0,0,37,40
Memo: Asia (UN),0,598173,-631027,-116464,-84307,-3025,-236650,111804,-12480,-64547,-17094,-521,-1935,-967,-3741,0,0,0,0,-1889,-451,0,0,1943479,-18210,0,-602,-91165,-20,1605011,173048,7251,12852,80141,5025,38005,1257,22658,1429,3400,3958,1294,704,2411,72804,841926,x,44143,751121,8196,60,x,36074,2334,120025,42272,48049,3267,13722,362703,327314,..,..,..,..,265706,..,..,..,..,..,..,..,..,..,3458,31931,372823,286827,78177,696,7122,5231,347,1019,684,3182,38,42
Memo: Europe (UN),0,389392,-521373,-61083,-61356,3497,-250922,-3113,-2898,-5670,-1932,-5261,-4389,-762,-4394,0,0,0,-43,-134,-294,-55,0,970386,-14871,0,-31,-36485,-19,639113,37916,2643,7286,23386,1066,9346,476,6525,562,1218,2539,939,441,273,4601,390353,x,13366,364573,4874,194,x,6374,972,45878,16762,21327,2419,2077,122379,119006,..,..,..,..,80972,..,..,..,..,..,..,..,..,..,1958,1416,61158,25702,7322,13209,14925,6881,1502,1140,643,3596,37,54
Memo: Oceania (UN),0,36895,-2929,-1027,-6277,-727,25935,3235,1681,-973,-1536,0,-22,0,0,0,0,0,0,0,0,0,0,30075,0,0,0,-4513,0,53881,5129,2647,611,797,19,106,305,161,0,20,114,56,9,8,1074,39728,x,3655,33833,1178,1,x,826,235,571,1048,2872,55,9,4469,4469,..,..,..,..,2291,..,..,..,..,..,..,..,..,..,0,0,8052,2351,5606,0,94,0,0,0,0,0,27,27
Memo: OECD Total,0,659870,-717008,-82168,-108957,1960,-246303,119733,14559,-28679,-7941,-4783,-6290,-741,-137,0,0,0,-44,-2529,-746,-55,0,2052406,-32884,0,-3,-100001,-10,1755552,93063,10735,21641,51299,2210,20287,1372,16310,1125,2430,3535,2222,1331,477,9387,1175741,x,83876,1050252,20027,16,x,20954,617,70621,42528,47966,4040,3472,318122,303141,302333,38659,406,778,241536,1221,689,788,1713,36,56,726,27,15698,7513,7468,203631,124806,36710,16279,25836,3828,1921,1298,506,104,38,44
Memo: Non-OECD Total,0,736969,-771664,-138087,-92661,1356,-264087,141335,-5017,-91082,-18436,-1548,-2863,-988,-7998,0,0,0,0,-288,-1685,0,0,2216829,-3119,0,-630,-99043,-303,1861077,197373,13467,14293,75622,4530,32272,2185,23067,1167,2845,4995,1416,800,2345,93990,1052820,x,51524,948753,12707,269,x,35888,3679,147675,36652,63097,2112,17835,343512,309097,..,..,..,..,216457,..,..,..,..,..,..,..,..,..,2665,31750,478593,388854,78193,2335,9212,9052,695,862,821,6674,37,41
Memo: IEA Total,0,639849,-699539,-81218,-106390,2010,-245288,120656,14616,-28298,-7838,-4776,-6269,-727,-136,0,0,0,-43,-2529,-746,-55,0,2017113,-32884,0,-3,-98500,-9,1724285,88775,8421,21373,50679,2191,20277,1365,16054,1122,2410,3498,1975,1314,474,8301,1155115,x,83276,1030795,19861,16,x,20557,609,69156,41573,47497,3620,3159,315390,300466,299658,38058,406,777,240089,1195,676,788,1713,36,56,719,27,15118,7461,7462,201897,123662,36271,16266,25698,3812,1917,1298,494,103,38,44
Memo: IEA and Accession/Association countries,0,948056,-952055,-149122,-141217,-2604,-296942,132337,9390,-34922,-17453,-4780,-7083,-1465,-3835,0,0,0,-44,-2529,-1871,-55,0,3190050,-35757,0,-3,-162502,-23,2762515,196617,17803,29778,111199,4896,49012,3341,34699,1753,4420,6065,3139,1560,2316,37837,1715725,x,120986,1511971,27311,35,x,52662,2761,162190,64014,90235,3921,9528,520286,472794,..,..,..,..,364726,..,..,..,..,..,..,..,..,..,9659,37833,251285,140329,64819,16268,29868,7586,1920,1298,1121,3248,34,42
Memo: European Union-28,0,355510,-355723,-45288,-52438,3420,-94519,-11448,-3043,-6478,-848,-4133,-2916,-639,-99,0,0,0,-43,-134,-294,-55,0,642707,-14660,0,0,-29965,-14,473420,27384,902,5246,19349,575,8457,392,5767,368,991,1645,705,238,210,1887,302528,x,7186,288021,1868,0,x,5117,336,30533,13083,16151,1357,1859,80525,78059,..,..,..,..,60392,..,..,..,..,..,..,..,..,..,1877,588,55909,29429,3226,11483,11772,2023,1046,373,535,69,38,45
Memo: European Union-27,0,319660,-333055,-42858,-40695,3139,-93809,-12673,-3046,-6348,-841,-4133,-2633,-639,-54,0,0,0,-43,-134,-294,0,0,583063,-14235,0,0,-25833,-14,418335,25304,902,5029,18665,570,8340,385,5592,215,991,1530,674,201,166,708,262820,x,6302,250719,1248,0,x,4215,336,28226,10902,15396,1210,1464,73013,70691,..,..,..,..,55388,..,..,..,..,..,..,..,..,..,1815,507,54836,28804,3212,11483,11337,1994,1046,373,535,40,38,46
Memo: FSU 15,0,24919,-161060,-12352,-7965,-63,-156521,2379,921,-204,-1094,-1425,-1418,-113,-4258,0,0,0,0,0,0,0,0,346241,0,0,-32,-6822,-12,177642,11976,2343,2466,4187,1138,544,27,889,191,141,810,211,196,40,2980,93169,x,6471,82107,3204,220,x,515,652,17945,3270,5974,740,3925,40643,39352,..,..,..,..,19829,..,..,..,..,..,..,..,..,..,141,1151,10223,816,4126,2062,3220,4921,637,699,79,3506,33,68
Memo: Former Yugoslavia,0,11056,-5888,-258,-412,-86,4412,35,0,-27,-3,-3,-85,-83,-39,0,0,0,0,0,0,0,0,8622,-163,0,0,-597,0,12070,1221,102,175,885,64,70,43,478,7,44,120,20,20,19,60,8624,x,11,8518,40,0,x,55,0,330,316,427,24,24,1105,1049,..,..,..,..,387,..,..,..,..,..,..,..,..,..,49,6,244,106,9,11,118,164,1,68,73,22,34,78
Memo: OPEC,0,126571,-259971,-24459,-15442,4061,-169240,104986,1947,-43691,-1595,0,0,0,0,0,0,0,0,0,0,0,0,418351,-15,0,0,-18860,-168,291715,36651,116,806,538,0,380,0,43,88,0,28,0,0,0,35191,179183,x,2879,175764,289,31,x,215,5,15600,2136,3046,0,2064,53034,52887,..,..,..,..,42782,..,..,..,..,..,..,..,..,..,0,147,206646,183878,22768,0,0,0,0,0,0,0,39,39
Memo: ASEAN,0,203939,-121436,-50446,-20821,-3709,7527,5887,8538,-4463,-3772,0,0,0,0,0,0,0,0,0,0,0,0,211915,0,0,0,-5486,0,220144,26373,1910,2184,12410,1378,4774,0,1635,211,825,1831,171,393,1193,9870,127129,x,6124,115815,666,0,x,4524,0,13353,6239,6594,844,902,38711,38622,..,..,..,..,31459,..,..,..,..,..,..,..,..,..,88,0,20276,10529,9747,0,0,0,0,0,0,0,21,21
Memo: G7,0,269343,-352813,-35341,-64595,2434,-180972,116450,13101,-16377,-5292,-4039,-2895,-136,-46,0,0,0,-43,-1412,-746,-55,0,1418979,-13523,0,0,-67733,0,1255261,54627,4660,17069,28404,1513,12745,822,5926,771,1816,2082,1228,1169,332,4494,873048,x,73667,766804,17194,14,x,15095,274,47352,31115,30847,1865,1023,215383,202032,201277,28232,372,702,156251,163,177,646,1645,5,13,707,0,12365,6363,6988,121614,70822,25082,14150,11560,1871,1573,153,115,30,38,43
Memo: G8,0,270443,-482742,-47098,-70292,2535,-327154,116446,14539,-16377,-6361,-5003,-4184,-136,-4194,0,0,0,-43,-1412,-746,-55,0,1699894,-13523,0,0,-71899,0,1379793,62549,6088,18571,30814,1837,13182,822,6260,943,1915,2726,1431,1336,362,7076,934744,x,79366,818935,19831,202,x,15509,901,60736,33347,33709,2596,1023,251089,237738,..,..,..,..,175103,..,..,..,..,..,..,..,..,..,6363,6988,129525,70822,29121,15103,14480,6322,1970,787,115,3450,38,48
Memo: G20,0,881811,-1097586,-128602,-141388,-127,-485890,183040,13823,-42666,-19569,-5859,-8516,-1551,-7988,0,0,0,-43,-2803,-2430,-55,0,3499856,-35778,0,0,-173804,-26,2909743,216962,16449,30939,107126,4911,46016,3273,34004,1927,4256,5879,2975,1682,2203,62449,1798115,x,125937,1586661,29937,223,x,51969,3388,172170,64010,92904,4273,9553,551755,504177,..,..,..,..,379593,..,..,..,..,..,..,..,..,..,9770,37809,367506,226717,89875,17462,33452,12161,2375,1931,1185,6671,44,51
