TIME,1960,1961,1962,1963,1964,1965,1966,1967,1968,1969,1970,1971,1972,1973,1974,1975,1976,1977,1978,1979,1980,1981,1982,1983,1984,1985,1986,1987,1988,1989,1990,1991,1992,1993,1994,1995,1996,1997,1998,1999,2000,2001,2002,2003,2004,2005,2006,2007,2008,2009,2010,2011,2012,2013,2014,2015,2016,2017,2018,2019
COUNTRY
World,..,..,..,..,..,..,..,..,..,..,..,102374,117807,131999,131475,119788,136951,145989,152409,158213,144984,143261,135381,141372,151383,149163,156518,165262,179493,179338,208052,216146,224411,220843,232501,261616,273913,291032,281250,296656,303988,306300,317108,329915,352045,345843,357920,366761,354612,368047,393551,373779,390392,388765,418901,420534,425748,445363,457993,..
OECD Americas,..,..,..,..,..,..,..,..,..,..,..,39514,43855,48893,49107,51290,59179,66106,65336,63856,62689,65626,57253,58709,61686,52956,56933,58224,61322,59325,69396,74227,74454,75667,76558,88936,94898,96554,88889,97730,97599,92411,95489,96495,105453,100026,100951,99297,90937,88524,95848,84588,92798,86788,97583,87409,88322,92678,98515,..
OECD Asia Oceania,..,..,..,..,..,..,..,..,..,..,..,25738,28117,30215,28978,23621,26986,28022,29981,31105,23821,20476,19450,18964,21180,21836,23461,24781,26498,27654,30260,32400,36703,37104,39695,42557,44338,49160,49462,52691,51729,51055,53532,56539,58049,59084,61176,64261,59485,65286,65930,66822,71372,73496,74661,77799,79241,83658,80830,..
OECD Europe,..,..,..,..,..,..,..,..,..,..,..,31895,37040,43139,42460,33003,38201,37794,41407,46144,43266,40080,40213,43656,46294,47267,48526,51713,56677,55612,53101,54348,55037,51302,57462,64074,62327,65383,66516,64433,65007,65742,66589,67284,67409,67414,68066,67617,65076,61554,64134,60707,60471,58572,60786,58778,59269,65499,62191,..
Africa,..,..,..,..,..,..,..,..,..,..,..,0,0,0,0,1,6,471,463,465,652,839,1375,1491,1420,1466,1495,1423,1529,1860,2394,2499,2413,1297,1195,1358,1304,1599,1285,1809,1755,1596,1623,1566,1107,882,850,909,1006,1870,2388,1383,2475,1365,1062,525,564,657,895,..
Non-OECD Americas,..,..,..,..,..,..,..,..,..,..,..,833,1405,1684,1783,1684,1861,1897,2734,3056,2954,3214,4069,4637,4884,5672,6024,6714,6829,6814,6977,7229,7610,7284,8808,8606,8235,9654,10019,11272,11371,10989,9896,10735,11358,11179,11224,11618,11303,11276,11703,11045,11544,10381,10507,10660,10351,10587,9615,..
Middle East,..,..,..,..,..,..,..,..,..,..,..,854,979,986,1405,1749,1387,1686,1578,1886,1010,595,675,919,945,949,1147,1146,1186,1898,6649,7178,9318,10052,8838,9593,11211,11899,13730,13514,13842,15256,15491,15114,17677,18471,20399,20014,24733,27260,29488,28404,33695,32368,34487,41931,40484,42482,44726,..
Non-OECD Europe and Eurasia,..,..,..,..,..,..,..,..,..,..,..,1794,4424,4734,4771,4910,5057,4927,4972,5127,3626,3789,2627,2855,4380,4387,4253,4653,6042,5927,17406,15569,15642,14533,11134,14337,14479,14152,9622,13306,12940,14329,14450,15593,16181,16442,16706,16577,17303,20833,27188,15435,14852,17984,18383,18741,19756,19669,20173,..
Non-OECD Asia (excluding China),..,..,..,..,..,..,..,..,..,..,..,1746,1987,2348,2541,3045,3780,4107,4820,5004,4759,6146,6793,6796,7108,7972,8785,8555,9374,9007,9073,8861,9092,10337,12884,15823,17784,19396,17729,19770,24497,29464,32282,35683,41345,40569,43665,49379,46585,50546,51928,51791,53187,55593,56504,58868,60024,61049,65445,..
"China (P.R. of China and Hong Kong, China)",..,..,..,..,..,..,..,..,..,..,..,0,0,0,430,484,494,978,1118,1569,2206,2497,2927,3346,3487,6659,5894,8053,10036,11242,12795,13835,14141,13267,15927,16332,19335,23234,23997,22132,25249,25458,27755,30905,33466,31776,34884,37090,38185,40897,44944,53604,49998,52219,64929,65823,67737,69083,75604,..
World marine bunkers,x,x,x,x,x,x,x,x,x,x,x,x,x,x,x,x,x,x,x,x,x,x,x,x,x,x,x,x,x,x,x,x,x,x,x,x,x,x,x,x,x,x,x,x,x,x,x,x,x,x,x,x,x,x,x,x,x,x,x,x
World aviation bunkers,x,x,x,x,x,x,x,x,x,x,x,x,x,x,x,x,x,x,x,x,x,x,x,x,x,x,x,x,x,x,x,x,x,x,x,x,x,x,x,x,x,x,x,x,x,x,x,x,x,x,x,x,x,x,x,x,x,x,x,x
Albania,..,..,..,..,..,..,..,..,..,..,..,0,0,0,0,0,0,0,0,0,0,0,0,0,0,0,0,0,0,0,0,0,0,0,0,0,0,0,0,0,0,0,0,0,0,0,0,0,0,0,0,0,0,0,0,1,0,0,0,..
Algeria,..,..,..,..,..,..,..,..,..,..,..,0,0,0,0,0,0,0,0,0,0,0,0,0,0,0,0,0,0,0,462,430,391,386,222,290,214,285,96,408,497,292,456,407,345,80,80,137,269,283,205,100,80,48,317,27,82,60,71,..
Angola,..,..,..,..,..,..,..,..,..,..,..,0,0,0,0,0,0,0,0,0,0,0,6,6,5,8,5,6,8,13,12,17,14,9,17,17,17,19,16,11,13,11,9,4,10,10,16,17,14,16,20,20,19,26,24,31,38,34,30,..
Argentina,..,..,..,..,..,..,..,..,..,..,..,810,817,736,704,627,721,609,1000,988,1007,908,1189,1137,1131,1214,1281,1354,1604,1304,1350,1792,2003,1487,2315,2217,2169,2193,2497,1935,1605,1431,1718,2054,2390,1916,1870,1875,2616,2125,2311,1751,1912,1568,2237,1553,1778,1876,1882,..
Armenia,..,..,..,..,..,..,..,..,..,..,..,..,..,..,..,..,..,..,..,..,..,..,..,..,..,..,..,..,..,..,0,0,0,0,0,0,0,0,0,0,0,0,0,0,0,0,0,0,0,0,0,0,0,0,0,0,0,0,0,..
Australia,530,636,643,949,955,1171,1178,1186,1394,1405,1215,1227,1177,1268,927,967,930,1074,1119,1061,1257,1159,1123,953,1179,1288,1322,1149,1629,1648,1856,1889,1893,2105,2114,2203,2229,1989,2072,2085,2115,2207,1185,1694,1961,2087,1978,2055,2004,1892,1441,2183,2596,2432,2498,2112,2382,2306,2291,..
Austria,24,18,67,30,42,35,55,80,92,125,136,142,180,221,199,313,87,68,203,353,360,354,332,431,521,511,484,573,587,688,513,529,722,623,641,562,661,838,689,704,653,716,708,711,800,578,819,845,805,860,817,742,960,968,962,928,948,773,961,..
Azerbaijan,..,..,..,..,..,..,..,..,..,..,..,..,..,..,..,..,..,..,..,..,..,..,..,..,..,..,..,..,..,..,715,922,1101,1022,1025,769,889,855,1200,605,625,507,614,463,732,717,599,244,378,256,276,339,330,388,453,552,545,723,782,..
Bahrain,..,..,..,..,..,..,..,..,..,..,..,0,0,0,0,0,0,0,0,0,0,0,0,0,0,0,0,0,0,0,0,0,0,0,0,0,0,0,0,0,0,0,0,0,0,0,0,0,0,0,0,0,0,0,0,0,0,0,0,..
Bangladesh,..,..,..,..,..,..,..,..,..,..,..,0,0,0,0,0,0,0,0,0,0,0,0,0,0,0,0,0,0,0,0,0,0,0,0,0,0,0,0,0,0,0,0,0,0,0,0,0,0,0,0,0,0,0,0,0,0,0,0,..
Belarus,..,..,..,..,..,..,..,..,..,..,..,..,..,..,..,..,..,..,..,..,..,..,..,..,..,..,..,..,..,..,0,0,0,123,79,73,2,2,0,0,1,2,2,2,0,8,8,8,5,2,1,0,0,0,0,0,0,0,0,..
Belgium,170,281,377,503,154,198,416,311,652,1136,1424,1577,1770,1841,1837,1483,1578,1356,1596,1657,1396,1349,1421,1649,1759,1890,1962,2069,2111,2078,2103,2363,2411,2365,4341,4559,4572,4637,4631,4898,5487,5554,5512,5373,5648,5916,5427,5380,6346,4952,5295,5119,5372,6026,6581,5997,6035,5812,6151,..
Benin,..,..,..,..,..,..,..,..,..,..,..,0,0,0,0,0,0,0,0,0,0,0,0,0,0,0,0,0,0,0,0,0,0,0,0,0,0,0,0,0,0,0,0,0,0,0,0,0,0,0,0,0,0,0,0,0,0,0,0,..
Plurinational State of Bolivia,..,..,..,..,..,..,..,..,..,..,..,0,0,0,0,0,0,0,0,0,0,0,0,0,0,0,0,0,0,0,0,0,0,0,0,0,0,0,0,0,0,0,0,0,0,0,0,0,0,0,0,0,0,0,0,0,0,0,0,..
Bosnia and Herzegovina,..,..,..,..,..,..,..,..,..,..,..,..,..,..,..,..,..,..,..,..,..,..,..,..,..,..,..,..,..,..,0,0,0,0,0,0,0,0,0,0,0,0,0,0,0,0,0,0,0,0,0,0,0,0,0,0,0,0,0,..
Botswana,..,..,..,..,..,..,..,..,..,..,..,0,0,0,0,0,0,0,0,0,0,0,0,0,0,0,0,0,0,0,0,0,0,0,0,0,0,0,0,0,0,0,0,0,0,0,0,0,0,0,0,0,0,0,0,0,0,0,0,..
Brazil,..,..,..,..,..,..,..,..,..,..,..,23,588,949,1078,1056,1140,1289,1735,1847,1653,2029,2580,3323,3538,4239,4538,5179,5016,5288,5285,5128,5494,5701,6384,6269,5944,7337,7357,8108,8335,8155,6841,7389,7386,7458,7447,7933,6979,7495,7716,7748,7747,6922,6510,7198,6592,7407,6495,6761
Brunei Darussalam,..,..,..,..,..,..,..,..,..,..,..,1,2,5,6,5,4,4,4,5,8,4,3,4,4,5,4,4,4,5,6,4,4,5,6,6,6,6,6,6,6,6,6,6,6,6,6,6,6,0,0,0,0,0,0,0,0,0,0,..
Bulgaria,..,..,..,..,..,..,..,..,..,..,..,0,0,0,0,0,0,0,0,0,0,0,0,0,0,0,0,0,0,0,742,315,519,614,509,625,713,707,683,472,499,493,260,351,306,361,336,359,477,231,58,48,43,36,47,38,42,39,20,..
Cambodia,..,..,..,..,..,..,..,..,..,..,..,..,..,..,..,..,..,..,..,..,..,..,..,..,..,..,..,..,..,..,..,..,..,..,..,0,0,0,0,0,0,0,0,0,0,0,0,0,0,0,0,0,0,0,0,0,0,0,0,..
Cameroon,..,..,..,..,..,..,..,..,..,..,..,0,0,0,0,0,0,0,0,0,0,0,0,0,0,0,0,0,0,0,0,0,0,0,0,0,0,0,0,0,0,0,0,0,0,0,0,0,0,0,0,0,0,0,0,0,0,0,0,..
Canada,910,969,1065,1191,1456,1440,1498,1739,1597,1816,1980,1867,1901,2054,2121,1799,2476,2781,3720,4361,3797,3975,3017,3251,4189,5304,5055,5835,6134,5994,6320,6597,7403,7940,7902,8452,8970,9363,8357,10216,9315,9529,9958,11220,12598,11431,12432,12591,11590,10090,10877,11021,11243,11171,11733,12194,13447,10967,10833,..
Chile,..,..,..,..,..,..,..,..,..,..,..,0,0,0,0,0,0,0,0,0,0,0,0,0,0,0,0,0,0,0,0,0,0,0,0,0,0,0,0,0,0,0,0,0,0,0,0,0,0,114,70,1,182,206,133,3,0,0,0,..
People's Republic of China,..,..,..,..,..,..,..,..,..,..,..,0,0,0,430,484,494,978,1118,1569,2206,2497,2927,3346,3487,6659,5894,8053,10036,11242,12795,13835,14141,13267,15927,16332,19335,23234,23997,22132,25249,25458,27755,30905,33466,31776,34884,37090,38185,40897,44944,53604,49998,52219,64929,65823,67737,69083,75604,..
Colombia,..,..,..,..,..,..,..,..,..,..,..,0,0,0,0,0,0,0,0,0,0,0,0,0,0,0,0,0,0,0,0,0,0,0,0,0,0,0,0,0,0,0,0,0,0,0,0,0,0,0,0,0,0,0,0,0,0,0,0,..
Republic of the Congo,..,..,..,..,..,..,..,..,..,..,..,0,0,0,0,0,0,0,0,0,0,0,0,0,0,0,0,0,0,0,0,0,0,0,0,0,0,0,0,0,0,0,0,0,0,0,0,0,0,0,0,8,11,12,11,9,9,10,10,..
Costa Rica,..,..,..,..,..,..,..,..,..,..,..,0,0,0,0,0,0,0,0,0,0,0,0,0,0,0,0,0,0,0,0,0,13,6,5,4,2,2,2,2,1,1,57,63,98,17,9,1,0,0,0,1,1,0,0,0,0,0,0,..
Côte d'Ivoire,..,..,..,..,..,..,..,..,..,..,..,0,0,0,0,0,0,0,0,0,0,0,0,0,0,0,0,0,0,0,0,0,0,0,0,0,0,0,0,0,0,0,0,0,0,0,0,0,0,0,0,0,0,0,0,0,0,0,0,..
Croatia,..,..,..,..,..,..,..,..,..,..,..,..,..,..,..,..,..,..,..,..,..,..,..,..,..,..,..,..,..,..,184,205,200,251,278,281,245,117,104,99,97,83,76,75,84,88,84,77,73,63,57,38,3,4,4,5,13,10,10,..
Cuba,..,..,..,..,..,..,..,..,..,..,..,0,0,0,0,0,0,0,0,0,0,0,0,3,3,3,0,3,0,0,0,0,0,0,0,0,0,0,0,0,0,0,0,0,0,0,0,0,0,0,0,0,0,0,0,0,0,0,0,..
Curaçao/Netherlands Antilles,..,..,..,..,..,..,..,..,..,..,..,0,0,0,0,0,0,0,0,0,0,0,0,0,0,0,0,0,0,0,0,0,0,0,0,0,0,0,0,0,0,0,0,0,0,0,0,0,0,0,0,0,0,0,0,0,0,0,0,..
Cyprus,..,..,..,..,..,..,..,..,..,..,..,0,0,0,0,0,0,0,0,0,0,0,0,0,0,0,0,0,0,0,0,0,0,0,0,0,0,0,0,0,0,0,0,0,0,0,0,0,0,0,0,0,0,0,0,0,0,0,0,..
Czech Republic,..,..,..,..,..,..,..,..,..,..,..,101,101,105,107,91,94,190,277,363,492,631,988,813,769,699,744,770,755,921,875,482,505,443,782,1717,1993,1875,1570,1661,1433,1522,1338,1291,1742,1921,1807,1601,1789,1599,1717,1537,1616,1540,1700,1126,601,1865,1745,..
Democratic People's Republic of Korea,..,..,..,..,..,..,..,..,..,..,..,0,0,0,0,0,0,0,0,0,0,0,0,0,0,0,0,0,0,0,0,0,0,0,0,0,0,0,0,0,0,0,0,0,0,0,0,0,0,0,0,0,0,0,0,0,0,0,0,..
Democratic Republic of the Congo,..,..,..,..,..,..,..,..,..,..,..,0,0,0,0,0,0,0,0,0,0,0,0,0,0,0,0,0,0,0,0,0,0,0,0,0,0,0,0,0,0,0,0,0,0,0,0,0,0,0,0,0,0,0,0,0,0,0,0,..
Denmark,0,0,0,0,0,0,0,5,2,3,3,2,2,192,221,168,183,161,0,0,0,0,0,0,0,0,1,0,0,0,3,2,2,2,2,2,1,1,1,1,1,1,1,1,1,1,6,1,1,1,1,1,1,1,1,1,1,1,1,..
Dominican Republic,..,..,..,..,..,..,..,..,..,..,..,0,0,0,0,0,0,0,0,0,0,0,0,0,0,0,0,0,0,0,120,82,97,88,101,114,118,120,161,152,173,148,158,149,140,133,126,129,107,114,121,156,163,129,105,125,134,136,152,..
Ecuador,..,..,..,..,..,..,..,..,..,..,..,0,0,0,0,0,0,0,0,220,293,277,300,174,212,215,205,177,210,215,215,226,0,0,0,0,0,0,0,0,0,0,0,0,0,0,0,0,0,0,0,0,0,0,0,0,0,0,0,..
Egypt,..,..,..,..,..,..,..,..,..,..,..,0,0,0,0,1,6,9,5,7,9,9,9,8,2,0,0,0,0,0,0,0,0,0,0,0,0,0,0,0,0,0,0,0,0,0,0,0,0,0,545,704,1242,5,137,0,2,2,2,..
El Salvador,..,..,..,..,..,..,..,..,..,..,..,0,0,0,0,0,0,0,0,0,0,0,0,0,0,0,0,0,0,0,0,0,0,0,0,0,0,0,0,0,0,0,0,0,0,0,0,0,0,0,0,0,0,0,0,0,0,0,0,..
Equatorial Guinea,..,..,..,..,..,..,..,..,..,..,..,0,0,0,0,0,0,0,0,0,0,0,0,0,0,0,0,0,0,0,0,0,0,0,0,0,0,0,0,0,0,0,0,0,0,0,0,0,0,0,0,0,0,0,0,0,0,0,0,..
Eritrea,..,..,..,..,..,..,..,..,..,..,..,..,..,..,..,..,..,..,..,..,..,..,..,..,..,..,..,..,..,..,..,..,0,0,0,0,0,0,0,0,0,0,0,0,0,0,0,0,0,0,0,0,0,0,0,0,0,0,0,..
Estonia,..,..,..,..,..,..,..,..,..,..,..,..,..,..,..,..,..,..,..,..,..,..,..,..,..,..,..,..,..,..,0,0,0,0,0,0,0,0,0,1,0,0,0,0,0,0,0,0,0,0,0,0,0,0,0,0,0,0,0,..
Ethiopia,..,..,..,..,..,..,..,..,..,..,..,0,0,0,0,0,0,0,0,0,0,0,0,0,0,0,0,0,0,0,0,0,0,0,0,0,0,0,0,0,0,0,0,0,0,0,0,0,0,0,0,0,0,0,0,0,0,0,0,..
Finland,44,45,45,47,72,88,85,100,177,148,141,190,549,588,810,640,696,649,698,777,746,711,629,654,570,443,716,732,817,845,767,919,750,606,530,585,544,534,567,562,572,459,504,511,525,596,632,685,700,671,733,746,708,1100,1129,1021,1088,1016,1045,..
France,233,385,703,1074,1030,1168,1279,1708,2188,3130,6883,6807,7627,8584,7735,6471,5696,5532,6608,8591,7390,6601,6711,7382,7522,7938,6979,8013,8106,7884,6990,8707,9026,7335,7977,9463,9062,9839,10150,9981,9985,10341,10007,10347,10259,10481,11285,11689,10451,8958,8834,8860,9230,8949,9778,9291,8634,9319,8345,..
Gabon,..,..,..,..,..,..,..,..,..,..,..,0,0,0,0,0,0,0,0,0,0,0,0,0,0,0,0,0,0,0,0,0,0,0,0,0,0,0,0,0,0,0,0,0,0,0,0,0,0,0,0,0,0,0,0,0,0,0,0,..
Georgia,..,..,..,..,..,..,..,..,..,..,..,..,..,..,..,..,..,..,..,..,..,..,..,..,..,..,..,..,..,..,0,0,0,0,0,0,0,0,0,0,0,2,1,2,4,5,5,5,5,0,0,0,0,0,0,0,0,2,0,..
Germany,403,527,626,817,962,1044,3478,4069,5275,5403,5398,5968,6823,8159,8364,6273,8215,8135,9068,10315,12841,11542,11895,12019,13141,13615,12878,13206,14986,15003,15093,14955,15165,14906,16084,16555,15936,16948,17755,17149,17862,17881,17865,16671,17349,17682,16780,16431,15956,15052,15988,15397,15723,15366,15523,14824,14699,16116,14673,..
Ghana,..,..,..,..,..,..,..,..,..,..,..,0,0,0,0,0,0,0,0,0,0,0,0,0,0,0,0,0,0,0,0,0,0,0,0,0,0,0,0,0,0,0,0,0,0,0,0,0,0,0,0,0,0,0,0,0,0,0,0,..
Gibraltar,..,..,..,..,..,..,..,..,..,..,..,0,0,0,0,0,0,0,0,0,0,0,0,0,0,0,0,0,0,0,0,0,0,0,0,0,0,0,0,0,0,0,0,0,0,0,0,0,0,0,0,0,0,0,0,0,0,0,0,..
Greece,0,0,0,0,0,0,56,83,81,104,169,148,232,210,162,204,158,141,139,111,122,124,128,123,105,101,113,109,97,119,118,83,82,67,62,98,112,74,44,34,119,129,135,242,246,250,274,266,202,235,412,315,236,192,160,140,194,218,245,..
Guatemala,..,..,..,..,..,..,..,..,..,..,..,0,0,0,0,0,0,0,0,0,0,0,0,0,0,0,0,0,0,0,0,0,0,0,0,0,0,0,0,0,0,0,0,0,0,0,0,0,0,0,0,0,0,0,0,0,0,0,0,..
Haiti,..,..,..,..,..,..,..,..,..,..,..,0,0,0,0,0,0,0,0,0,0,0,0,0,0,0,0,0,0,0,0,0,0,0,0,0,0,0,0,0,0,0,0,0,0,0,0,0,0,0,0,0,0,0,0,0,0,0,0,..
Honduras,..,..,..,..,..,..,..,..,..,..,..,0,0,0,0,0,0,0,0,0,0,0,0,0,0,0,0,0,0,0,0,0,0,0,0,0,0,0,0,0,0,0,0,0,0,0,0,0,0,0,0,0,0,0,0,0,0,0,0,..
Hong Kong (China),..,..,..,..,..,..,..,..,..,..,..,0,0,0,0,0,0,0,0,0,0,0,0,0,0,0,0,0,0,0,0,0,0,0,0,0,0,0,0,0,0,0,0,0,0,0,0,0,0,0,0,0,0,0,0,0,0,0,0,..
Hungary,..,..,..,..,..,22,23,28,27,25,72,259,296,303,263,643,849,915,1010,1053,1059,1032,927,952,1002,1015,1025,999,967,1052,819,741,856,771,861,978,805,981,1046,835,1047,830,1053,909,1011,1520,1535,1629,1420,1352,1412,1157,1060,1023,1153,1296,1230,1517,1570,..
Iceland,0,0,0,0,0,0,0,0,0,0,0,0,0,0,0,0,0,0,0,0,0,0,0,0,0,0,0,0,0,0,0,0,0,0,0,0,0,0,0,0,0,0,0,0,0,0,0,0,0,0,0,0,0,0,0,0,0,0,0,..
India,..,..,..,..,..,..,..,..,..,..,..,1739,1972,2321,2473,2889,3134,3157,3582,3560,3212,4656,4806,4605,4919,4968,5553,5011,5808,5199,5242,5459,5617,5874,6566,8379,8860,9124,8791,9238,12452,11151,11552,11711,13391,12246,12826,12822,12416,9850,10808,11585,12282,10910,10662,12864,12909,12939,14136,..
Indonesia,..,..,..,..,..,..,..,..,..,..,..,0,0,0,0,0,0,0,0,0,0,0,0,0,0,359,365,376,376,717,440,82,112,162,322,859,871,192,1,132,664,851,662,3,881,1857,3093,2401,2896,2610,2323,3451,2945,2871,2104,1384,2012,2297,2445,..
Islamic Republic of Iran,..,..,..,..,..,..,..,..,..,..,..,785,909,951,1375,1722,1298,1585,1130,1206,829,94,120,137,132,139,147,153,139,184,221,229,422,695,292,272,374,579,1891,1891,1924,2066,1879,2118,1998,2080,3548,3967,5827,6246,6357,4002,5832,6390,7724,11309,11800,13102,14245,..
Iraq,..,..,..,..,..,..,..,..,..,..,..,70,70,34,30,27,88,91,97,161,0,0,0,0,0,0,0,0,0,0,0,0,0,0,0,0,0,0,0,0,0,0,0,0,0,0,0,0,0,0,0,0,0,0,0,0,0,0,0,..
Ireland,0,0,0,0,0,0,0,0,0,0,0,0,0,0,0,0,0,0,0,0,0,0,0,0,0,0,0,0,0,0,0,0,0,0,0,0,0,0,0,0,0,0,0,0,0,0,0,0,0,0,0,0,0,0,0,0,0,0,0,..
Israel,..,..,..,..,..,..,..,..,..,..,..,69,96,33,46,154,156,156,221,329,350,320,308,294,293,243,341,412,443,414,433,514,440,471,497,610,622,972,1159,1055,1176,1041,799,828,884,733,913,1152,1157,872,838,959,999,1203,1293,1243,1274,1327,1364,..
Italy,474,622,853,1146,1500,2057,4110,5112,4505,5375,4153,3907,4438,5229,4912,2972,4523,4081,3500,4217,3366,3414,2698,3636,3909,3646,3579,4216,4567,4470,4954,5112,4901,4800,5041,5473,5396,5577,4782,4415,3842,4412,4517,3997,3775,4050,4486,4704,5172,4640,5067,5512,4496,3246,4446,3459,3400,5109,4828,..
Jamaica,..,..,..,..,..,..,..,..,..,..,..,0,0,0,0,0,0,0,0,0,0,0,0,0,0,0,0,0,0,0,0,0,0,0,0,0,0,0,0,0,0,0,0,0,0,0,0,0,0,0,0,0,0,0,0,0,0,0,0,..
Japan,652,1009,1673,2210,3770,5951,7950,9912,12653,17474,21504,23997,26388,28037,26939,21255,24503,25033,26584,27343,19475,16498,15608,14929,16666,17149,18229,19395,20324,21440,22025,21699,21675,20481,22169,24197,24983,25666,23587,26372,25508,24230,25674,27037,28675,27862,28568,28701,23851,28049,27737,26061,27006,28327,27043,29549,28247,30275,28221,..
Jordan,..,..,..,..,..,..,..,..,..,..,..,0,0,0,0,0,0,0,0,0,0,0,0,0,0,0,0,0,0,0,0,0,0,0,0,0,0,0,0,0,0,0,0,0,0,0,0,0,0,0,0,0,0,0,0,0,0,0,0,..
Kazakhstan,..,..,..,..,..,..,..,..,..,..,..,..,..,..,..,..,..,..,..,..,..,..,..,..,..,..,..,..,..,..,0,0,0,0,0,0,0,0,0,0,1,2,6,8,6,7,8,14,1,0,0,0,0,0,0,0,0,0,0,..
Kenya,..,..,..,..,..,..,..,..,..,..,..,0,0,0,0,0,0,0,0,0,0,0,0,0,0,0,0,0,0,0,0,0,0,0,0,0,0,0,0,0,0,0,0,0,0,0,0,0,0,0,0,0,0,0,0,0,0,0,0,..
Korea,..,..,..,..,..,..,..,..,..,..,..,445,456,877,1066,1245,1398,1760,2056,2373,2738,2498,2410,2788,3040,3156,3570,3826,4101,4151,5946,8299,12695,14047,14916,15547,16505,20533,22644,23179,22930,23578,25875,26980,26528,28401,29718,32353,32474,34473,35913,37619,40771,41534,43826,44896,47338,49751,48954,..
Kosovo,..,..,..,..,..,..,..,..,..,..,..,..,..,..,..,..,..,..,..,..,..,..,..,..,..,..,..,..,..,..,..,..,..,..,..,..,..,..,..,..,0,0,0,0,0,0,0,0,0,0,0,0,0,0,0,0,0,0,0,..
Kuwait,..,..,..,..,..,..,..,..,..,..,..,0,0,0,0,0,0,0,0,0,0,0,0,0,0,0,0,0,0,0,0,0,0,0,0,0,0,0,0,0,0,0,0,0,0,0,0,0,1064,1521,2281,2281,2281,2281,2470,2470,2470,2470,2470,..
Kyrgyzstan,..,..,..,..,..,..,..,..,..,..,..,..,..,..,..,..,..,..,..,..,..,..,..,..,..,..,..,..,..,..,0,0,0,0,0,0,0,0,0,0,0,0,0,0,0,0,0,0,0,0,0,0,0,0,0,0,0,0,0,..
Lao People's Democratic Republic,..,..,..,..,..,..,..,..,..,..,..,..,..,..,..,..,..,..,..,..,..,..,..,..,..,..,..,..,..,..,..,..,..,..,..,..,..,..,..,..,0,0,0,0,0,0,0,0,0,0,0,0,0,0,0,0,0,0,0,..
Latvia,..,..,..,..,..,..,..,..,..,..,..,..,..,..,..,..,..,..,..,..,..,..,..,..,..,..,..,..,..,..,2,2,2,2,2,2,2,2,3,2,3,3,2,2,3,3,3,2,2,1,1,1,1,1,1,1,1,1,1,..
Lebanon,..,..,..,..,..,..,..,..,..,..,..,0,0,0,0,0,0,0,0,0,0,0,0,0,0,0,0,0,0,0,0,0,0,0,0,0,0,0,0,0,0,0,0,0,0,0,0,0,0,0,0,0,0,0,0,0,0,0,0,..
Libya,..,..,..,..,..,..,..,..,..,..,..,0,0,0,0,0,0,0,0,0,166,161,387,312,344,484,516,441,355,679,752,881,763,871,881,995,992,1172,1133,1299,1158,1169,1159,1151,752,787,750,736,666,1546,1596,532,1105,1256,559,442,425,546,777,..
Lithuania,..,..,..,..,..,..,..,..,..,..,..,..,..,..,..,..,..,..,..,..,..,..,..,..,..,..,..,..,..,..,23,24,11,11,10,10,10,24,29,26,28,38,34,31,51,65,60,38,73,54,70,74,68,79,39,65,80,62,76,..
Luxembourg,0,0,0,0,0,0,0,0,0,0,2,2,2,1,2,2,3,2,3,3,3,2,2,3,3,3,3,3,4,4,5,4,4,4,3,3,2,2,0,1,1,1,1,1,0,0,0,0,0,0,0,2,0,0,0,0,0,0,0,..
Malaysia,..,..,..,..,..,..,..,..,..,..,..,0,0,0,0,0,0,0,0,0,0,0,0,0,0,0,0,0,0,0,0,0,0,0,0,0,0,0,0,0,0,0,0,0,0,0,0,1354,700,4222,1378,1293,1418,1339,1152,837,1996,1961,2022,..
Malta,..,..,..,..,..,..,..,..,..,..,..,0,0,0,0,0,0,0,0,0,0,0,0,0,0,0,0,0,0,0,0,0,0,0,0,0,0,0,0,0,0,0,0,0,0,0,0,0,0,0,0,0,0,0,0,0,0,0,0,..
Mauritius,..,..,..,..,..,..,..,..,..,..,..,0,0,0,0,0,0,0,0,0,0,0,0,0,0,0,0,0,0,0,0,0,0,0,0,0,0,0,0,0,0,0,0,0,0,0,0,0,0,0,0,0,0,0,0,0,0,0,0,..
Mexico,..,..,..,..,..,..,..,..,..,..,..,516,540,687,716,789,869,1027,1127,1299,1254,2135,3008,3897,4311,5043,5776,5655,6180,6576,5390,5728,4987,5831,6553,6244,5728,4422,4688,4917,4749,4669,3291,3241,3433,3267,3239,3374,3205,3285,4684,4313,3109,3660,3941,3529,3659,3713,3333,..
Republic of Moldova,..,..,..,..,..,..,..,..,..,..,..,..,..,..,..,..,..,..,..,..,..,..,..,..,..,..,..,..,..,..,0,0,0,0,0,0,0,0,0,0,0,0,0,0,0,1,0,1,1,1,2,3,1,1,3,0,0,3,0,..
Mongolia,..,..,..,..,..,..,..,..,..,..,..,..,..,..,..,..,..,..,..,..,..,..,..,..,..,0,0,0,0,0,0,0,0,0,0,0,0,0,0,0,0,0,0,0,0,0,0,0,0,0,0,0,0,0,0,0,0,0,0,..
Montenegro,..,..,..,..,..,..,..,..,..,..,..,..,..,..,..,..,..,..,..,..,..,..,..,..,..,..,..,..,..,..,..,..,..,..,..,..,..,..,..,..,..,..,..,..,..,0,0,0,0,0,0,0,0,0,0,0,0,0,0,..
Morocco,..,..,..,..,..,..,..,..,..,..,..,0,0,0,0,0,0,0,0,0,0,0,0,0,0,0,0,0,0,0,0,0,29,8,49,31,57,99,16,75,54,118,0,0,0,0,0,0,0,1,0,0,0,0,0,0,0,0,0,..
Mozambique,..,..,..,..,..,..,..,..,..,..,..,0,0,0,0,0,0,0,0,0,0,0,0,0,0,0,0,0,0,0,0,0,0,0,0,0,0,0,0,0,0,0,0,0,0,0,0,0,0,0,0,0,0,0,0,0,0,0,0,..
Myanmar,..,..,..,..,..,..,..,..,..,..,..,0,0,0,0,0,0,0,0,0,0,0,0,0,0,0,0,0,0,0,0,0,0,0,0,0,0,0,0,0,0,0,0,0,0,0,0,0,0,0,0,0,0,0,0,0,0,0,0,..
Namibia,..,..,..,..,..,..,..,..,..,..,..,..,..,..,..,..,..,..,..,..,..,..,..,..,..,..,..,..,..,..,..,0,0,0,0,0,0,0,0,0,0,0,0,0,0,0,0,0,0,0,0,0,0,0,0,0,0,0,0,..
Nepal,..,..,..,..,..,..,..,..,..,..,..,0,0,0,0,0,0,0,0,0,0,0,0,0,0,0,0,0,0,0,0,0,0,0,0,0,0,0,0,0,0,0,0,0,0,0,0,0,0,0,0,0,0,0,0,0,0,0,0,..
Netherlands,3,62,126,211,333,447,567,815,1201,1340,2630,3031,4746,5926,5920,4524,5790,5858,6548,6722,5748,3914,3657,4549,4522,4126,5444,5553,6366,5649,4772,4316,4445,3728,4461,4801,5050,5280,5258,5058,5056,5116,5310,7251,7064,6744,6603,6996,6209,6671,7498,6709,7373,6811,6665,7224,7822,8505,8371,..
New Zealand,0,0,0,0,0,0,0,0,0,0,0,0,0,0,0,0,0,0,0,0,0,0,0,0,0,0,0,0,0,0,0,0,0,0,0,0,0,0,0,0,0,0,0,0,0,0,0,0,0,0,0,0,0,0,0,0,0,0,0,..
Nicaragua,..,..,..,..,..,..,..,..,..,..,..,0,0,0,0,0,0,0,0,0,0,0,0,0,0,0,0,0,0,0,0,0,0,0,0,0,0,0,0,0,0,0,0,0,0,0,0,0,0,0,0,0,0,0,0,0,0,0,0,..
Niger,..,..,..,..,..,..,..,..,..,..,..,..,..,..,..,..,..,..,..,..,..,..,..,..,..,..,..,..,..,..,..,..,..,..,..,..,..,..,..,..,0,0,0,0,0,0,0,0,0,0,0,0,0,0,0,0,0,0,0,..
Nigeria,..,..,..,..,..,..,..,..,..,..,..,0,0,0,0,0,0,0,0,0,0,0,0,0,0,0,0,0,0,0,0,0,0,0,0,0,0,0,0,0,0,0,0,0,0,0,0,0,0,0,0,0,0,0,0,0,0,0,0,..
Republic of North Macedonia,..,..,..,..,..,..,..,..,..,..,..,..,..,..,..,..,..,..,..,..,..,..,..,..,..,..,..,..,..,..,0,0,0,0,0,0,0,0,0,0,0,0,0,0,0,0,0,0,0,0,0,0,0,0,0,0,0,0,0,..
Norway,99,96,95,125,125,133,206,208,321,325,405,414,432,524,499,518,455,541,829,949,1082,1095,1125,1135,1362,1349,1100,1402,1336,1127,1236,1174,1065,1124,1117,1176,1151,1131,1105,985,989,1375,1342,1285,1005,1032,999,1176,981,942,1007,978,985,1053,1021,1074,1007,1023,1149,..
Oman,..,..,..,..,..,..,..,..,..,..,..,0,0,0,0,0,0,0,0,0,0,0,0,0,0,0,0,0,0,0,0,0,0,0,0,0,0,0,0,0,0,0,0,0,0,0,0,0,832,394,591,1070,932,634,772,826,735,1117,1841,..
Pakistan,..,..,..,..,..,..,..,..,..,..,..,0,0,0,0,0,0,0,0,0,0,0,0,0,0,0,0,0,0,0,0,0,0,0,0,0,0,0,0,0,0,0,0,0,0,0,0,0,0,0,0,0,0,0,0,0,0,0,0,..
Panama,..,..,..,..,..,..,..,..,..,..,..,0,0,0,0,0,0,0,0,0,0,0,0,0,0,0,0,0,0,0,0,0,0,0,0,0,0,0,0,0,0,0,0,0,0,0,0,0,0,0,0,0,0,0,0,0,0,0,0,..
Paraguay,..,..,..,..,..,..,..,..,..,..,..,0,0,0,0,0,0,0,0,0,0,0,0,0,0,0,0,0,0,0,0,0,0,0,0,0,0,0,0,0,0,0,0,0,0,0,0,0,0,0,0,0,0,0,0,0,0,0,0,..
Peru,..,..,..,..,..,..,..,..,..,..,..,0,0,0,0,0,0,0,0,0,0,0,0,0,0,0,0,0,0,0,0,0,0,0,0,0,0,0,0,0,0,0,0,0,0,0,0,0,0,0,0,0,0,0,0,0,0,0,0,..
Philippines,..,..,..,..,..,..,..,..,..,..,..,2,9,18,61,150,83,93,98,26,0,0,38,20,20,22,22,17,17,31,0,0,0,0,2,53,61,45,33,1,167,0,30,82,31,26,31,20,6,31,45,40,45,183,357,984,1018,1202,1111,..
Poland,79,120,76,63,72,66,74,89,125,214,120,193,276,353,350,397,450,374,385,381,697,631,645,697,883,906,1021,1148,1295,1286,1244,1076,967,1079,960,1107,1076,1076,1110,918,1116,936,1078,1052,996,961,1370,1384,1412,1327,1499,1248,1249,1599,1707,2142,1999,2041,1849,..
Portugal,15,28,60,95,130,150,156,160,168,233,237,221,257,213,283,279,262,299,264,282,257,203,527,359,731,803,1199,1168,1578,1663,1734,1333,1443,1253,1425,1523,1356,1502,1632,1750,1773,1384,1494,1688,1866,1799,1465,1831,1502,1037,1329,1381,1018,1111,1248,1096,910,914,482,..
Qatar,..,..,..,..,..,..,..,..,..,..,..,0,0,0,0,0,0,0,0,0,0,203,194,249,311,282,393,400,391,450,447,447,544,536,506,370,479,740,747,729,618,814,754,800,749,828,1400,1238,1757,1743,1689,1773,1932,1981,2494,2727,2093,2001,2076,..
Romania,..,..,..,..,..,..,..,..,..,..,..,323,325,322,351,354,358,459,375,401,0,0,0,0,0,0,0,0,0,0,0,0,130,65,33,15,63,2,333,422,467,421,556,505,646,711,829,758,541,343,53,5,8,18,30,21,106,36,19,..
Russian Federation,..,..,..,..,..,..,..,..,..,..,..,..,..,..,..,..,..,..,..,..,..,..,..,..,..,..,..,..,..,..,15764,14127,13691,12459,9210,12573,12568,12468,7301,11707,11250,12818,12936,14188,14403,14207,14507,14764,15036,19320,26131,14538,14173,17066,17496,17755,18578,18330,18852,..
Saudi Arabia,..,..,..,..,..,..,..,..,..,..,..,0,0,0,0,0,0,0,0,0,0,0,0,0,0,0,0,0,308,786,5456,5915,7670,8072,7427,8278,9658,9860,10224,10047,10472,11570,12073,11431,14186,14839,14746,13980,14342,15911,17111,17395,20197,18329,19058,21698,20269,20698,21198,..
Senegal,..,..,..,..,..,..,..,..,..,..,..,0,0,0,0,0,0,0,0,0,0,0,0,0,0,0,0,0,0,0,0,0,0,0,0,0,0,0,0,0,0,0,0,0,0,0,0,0,0,0,0,0,0,0,0,0,0,0,0,..
Serbia,..,..,..,..,..,..,..,..,..,..,..,..,..,..,..,..,..,..,..,..,..,..,..,..,..,..,..,..,..,..,0,0,0,0,0,0,0,0,0,0,0,0,0,0,0,0,0,29,526,324,385,369,111,364,242,264,382,406,371,..
Singapore,..,..,..,..,..,..,..,..,..,..,..,0,0,0,0,0,0,0,0,0,0,0,0,0,368,584,619,949,985,1043,1260,1159,1074,1205,1291,1728,1964,3784,3037,2792,2301,2725,4002,4865,5892,5825,5910,6606,3306,3546,4858,4600,5100,5600,6100,6700,6000,6535,7178,..
Slovak Republic,..,..,..,..,..,..,..,..,..,..,..,0,0,0,0,0,0,0,0,0,0,0,0,0,0,0,0,0,0,525,372,383,474,442,469,477,471,466,572,505,525,703,695,736,740,620,653,727,695,674,600,577,392,413,396,391,389,439,498,..
Slovenia,..,..,..,..,..,..,..,..,..,..,..,..,..,..,..,..,..,..,..,..,..,..,..,..,..,..,..,..,..,..,9,25,22,5,5,33,85,14,1,1,12,5,4,9,12,9,5,6,4,4,6,4,3,3,3,4,4,4,6,..
South Africa,..,..,..,..,..,..,..,..,..,..,..,0,0,0,0,0,0,461,459,459,478,669,955,1146,1051,955,955,955,1146,1146,1146,1146,1194,0,0,0,0,0,0,0,0,0,0,0,0,0,0,0,0,0,0,0,0,0,0,0,0,0,0,..
South Sudan,..,..,..,..,..,..,..,..,..,..,..,..,..,..,..,..,..,..,..,..,..,..,..,..,..,..,..,..,..,..,..,..,..,..,..,..,..,..,..,..,..,..,..,..,..,..,..,..,..,..,..,..,0,0,0,0,0,0,0,..
Spain,0,0,0,160,174,348,357,628,989,717,869,1038,1036,1404,1398,1347,1674,2029,2497,2533,2484,2606,2987,3153,3247,3418,3273,3371,4083,3562,3210,3079,2915,2894,3031,5011,4256,4802,5636,5193,5734,6044,5795,5746,4960,4097,4181,4050,4042,3838,3661,3465,3146,2527,2276,2476,3027,3115,3102,..
Sri Lanka,..,..,..,..,..,..,..,..,..,..,..,0,0,0,0,0,0,0,0,0,0,0,0,0,0,0,0,0,0,0,0,0,0,0,0,0,0,0,0,0,0,0,0,0,0,0,0,0,0,0,0,0,0,0,0,0,0,0,0,..
Sudan,..,..,..,..,..,..,..,..,..,..,..,0,0,0,0,0,0,0,0,0,0,0,17,18,17,19,18,20,20,21,21,24,21,24,25,25,25,25,25,15,34,5,0,3,0,5,3,18,56,25,21,19,17,17,15,16,10,4,4,..
Suriname,..,..,..,..,..,..,..,..,..,..,..,..,..,..,..,..,..,..,..,..,..,..,..,..,..,..,..,..,..,..,..,..,..,..,..,..,..,..,..,..,0,0,0,0,0,0,0,0,0,0,0,0,0,0,0,0,0,0,0,..
Sweden,0,0,0,0,0,0,0,286,364,531,767,956,1071,1114,1179,905,1022,761,914,992,724,664,759,926,931,783,1047,998,1043,884,1094,1090,1230,927,1248,1349,1397,1421,1205,787,897,1354,1661,1322,1215,1539,1521,1523,1363,1077,1463,1369,1308,1517,1426,1192,1554,1562,1391,..
Switzerland,6,9,11,12,15,17,79,90,124,130,129,144,147,157,171,152,120,132,129,136,143,140,139,117,93,121,118,138,134,122,133,137,131,130,131,130,134,143,145,141,137,138,131,122,124,125,133,116,126,104,107,120,118,100,105,101,88,96,90,..
Syrian Arab Republic,..,..,..,..,..,..,..,..,..,..,..,0,0,0,0,0,0,0,336,458,107,125,147,204,198,227,227,191,18,75,54,54,54,56,62,58,54,49,45,41,37,32,28,24,19,15,11,10,8,5,4,3,2,1,1,1,1,1,1,..
Chinese Taipei,..,..,..,..,..,..,..,..,..,..,..,0,0,0,0,0,558,853,1136,1412,1536,1482,1943,2164,1796,2032,2219,2198,2184,2013,2016,2029,2108,2396,3485,3865,3939,4247,3922,4118,4809,9995,9936,11187,12231,12180,12546,16149,16579,17549,18458,16006,17079,18727,19128,19688,19393,19134,19850,..
Tajikistan,..,..,..,..,..,..,..,..,..,..,..,..,..,..,..,..,..,..,..,..,..,..,..,..,..,..,..,..,..,..,0,0,0,0,0,0,0,0,0,0,0,0,0,0,0,0,0,0,0,0,0,0,0,0,0,0,0,0,0,..
United Republic of Tanzania,..,..,..,..,..,..,..,..,..,..,..,0,0,0,0,0,0,0,0,0,0,0,0,0,0,0,0,0,0,0,0,0,0,0,0,0,0,0,0,0,0,0,0,0,0,0,0,0,0,0,0,0,0,0,0,0,0,0,0,..
Thailand,..,..,..,..,..,..,..,..,..,..,..,0,0,0,0,0,0,0,0,0,0,0,0,0,0,0,0,0,0,0,108,128,178,695,1211,933,2083,1997,1937,3482,4097,4736,6095,7830,8912,8428,9252,10021,10676,12739,14058,14815,14317,15964,17000,16411,16696,16981,18704,..
Togo,..,..,..,..,..,..,..,..,..,..,..,0,0,0,0,0,0,0,0,0,0,0,0,0,0,0,0,0,0,0,0,0,0,0,0,0,0,0,0,0,0,0,0,0,0,0,0,0,0,0,0,0,0,0,0,0,0,0,0,..
Trinidad and Tobago,..,..,..,..,..,..,..,..,..,..,..,0,0,0,0,0,0,0,0,0,0,0,0,0,0,0,0,0,0,7,5,0,0,0,0,0,0,0,0,0,0,0,0,0,0,0,0,0,0,0,0,0,0,0,0,0,0,0,0,..
Tunisia,..,..,..,..,..,..,..,..,..,..,..,0,0,0,0,0,0,0,0,0,0,0,0,0,0,0,0,0,0,0,0,0,0,0,0,0,0,0,0,0,0,0,0,0,0,0,0,0,0,0,0,0,0,0,0,0,0,0,0,..
Turkey,0,0,0,2,0,0,3,36,9,24,132,148,147,165,209,250,260,388,420,430,368,474,401,437,393,660,916,1430,1574,1605,1610,1486,1536,1459,1563,1699,1564,1591,1718,1471,1367,1578,1686,1320,1707,1088,1692,1429,1111,2657,2304,1173,1711,1181,881,671,504,991,609,..
Turkmenistan,..,..,..,..,..,..,..,..,..,..,..,..,..,..,..,..,..,..,..,..,..,..,..,..,..,..,..,..,..,..,0,0,0,0,0,0,0,0,0,0,0,0,0,0,0,0,0,0,0,0,0,0,0,0,0,0,0,0,0,..
Ukraine,..,..,..,..,..,..,..,..,..,..,..,..,..,..,..,..,..,..,..,..,..,..,..,..,..,..,..,..,..,..,0,0,0,0,0,0,0,0,0,0,0,0,0,0,0,337,330,317,261,292,226,95,182,107,108,105,90,119,116,..
United Arab Emirates,..,..,..,..,..,..,..,..,..,..,..,0,0,0,0,0,0,9,15,61,74,173,214,329,303,302,380,402,330,404,471,533,628,693,551,615,647,671,824,807,791,774,757,741,724,708,694,820,904,1440,1456,1880,2518,2753,1968,2901,3117,3094,2895,..
United Kingdom,1464,1602,2296,2996,3788,3377,3708,4988,5814,6618,6986,6646,6905,7850,7839,5371,6085,6184,6320,6278,3990,4593,4242,4620,4833,5241,5926,5813,6271,6125,5424,6326,6371,6328,6716,6762,6693,6627,6868,7354,6368,5221,5717,6667,6311,6338,6328,5107,4715,4851,4313,4219,3697,3765,3584,4259,5052,4999,5003,..
United States,9893,10745,11830,23770,26900,20759,24294,23994,29406,32687,34524,37131,41415,46152,46270,48702,55834,62297,60489,58196,57637,59516,51228,51561,53185,42608,46103,46734,49008,46754,57686,61901,62064,61895,62104,74240,80199,82769,75844,82597,83535,78213,82240,82034,89422,85329,85280,83332,76142,75035,80217,69253,78264,71751,81775,71683,71215,77998,84348,..
Uruguay,..,..,..,..,..,..,..,..,..,..,..,0,0,0,0,0,0,0,0,0,0,0,0,0,0,0,0,0,0,0,0,0,0,0,0,0,0,0,0,0,0,0,0,0,0,0,0,0,0,0,0,0,0,0,0,0,0,0,0,..
Uzbekistan,..,..,..,..,..,..,..,..,..,..,..,..,..,..,..,..,..,..,..,..,..,..,..,..,..,..,..,..,..,..,0,0,0,0,0,0,0,0,0,0,0,0,0,0,0,0,0,0,0,0,0,0,0,0,0,0,0,0,0,..
Bolivarian Republic of Venezuela,..,..,..,..,..,..,..,..,..,..,..,0,0,0,0,0,0,0,0,0,0,0,0,0,0,0,0,0,0,0,0,0,0,0,0,0,0,0,0,1071,1257,1254,1121,1079,1344,1655,1772,1680,1601,1543,1555,1389,1721,1762,1655,1784,1846,1169,1085,..
Viet Nam,..,..,..,..,..,..,..,..,..,..,..,0,0,0,0,0,0,0,0,0,0,0,0,0,0,0,0,0,0,0,0,0,0,0,0,0,0,0,0,0,0,0,0,0,0,0,0,0,0,0,0,0,0,0,0,0,0,0,0,..
Yemen,..,..,..,..,..,..,..,..,..,..,..,0,0,0,0,0,0,0,0,0,0,0,0,0,0,0,0,0,0,0,0,0,0,0,0,0,0,0,0,0,0,0,0,0,0,0,0,0,0,0,0,0,0,0,0,0,0,0,0,..
Zambia,..,..,..,..,..,..,..,..,..,..,..,0,0,0,0,0,0,0,0,0,0,0,0,0,0,0,0,0,0,0,0,0,0,0,0,0,0,0,0,0,0,0,0,0,0,0,0,0,0,0,0,0,0,0,0,0,0,0,0,..
Zimbabwe,..,..,..,..,..,..,..,..,..,..,..,0,0,0,0,0,0,0,0,0,0,0,0,0,0,0,0,0,0,0,0,0,0,0,0,0,0,0,0,0,0,0,0,0,0,0,0,0,0,0,0,0,0,0,0,0,0,0,0,..
Former Soviet Union (if no detail),..,..,..,..,..,..,..,..,..,..,..,1471,4099,3994,3888,3994,3994,3994,3994,3994,3048,3678,1997,2102,3678,3888,3573,3783,4939,4834,x,x,x,x,x,x,x,x,x,x,x,x,x,x,x,x,x,x,x,x,x,x,x,x,x,x,x,x,x,x
Former Yugoslavia (if no detail),..,..,..,..,..,..,..,..,..,..,..,0,0,419,532,563,705,475,603,732,578,110,631,754,702,498,680,870,1102,1093,x,x,x,x,x,x,x,x,x,x,x,x,x,x,x,x,x,x,x,x,x,x,x,x,x,x,x,x,x,x
Other Africa,..,..,..,..,..,..,..,..,..,..,..,0,0,0,0,0,0,0,0,0,0,0,0,0,0,0,0,0,0,0,0,0,0,0,0,0,0,0,0,0,0,0,0,0,0,0,0,0,0,0,0,0,0,0,0,0,0,0,0,..
Other non-OECD Americas,..,..,..,..,..,..,..,..,..,..,..,0,0,0,0,0,0,0,0,0,0,0,0,0,0,0,0,0,0,0,1,2,3,2,2,2,1,1,2,5,0,0,0,0,0,0,0,0,0,0,0,0,0,0,0,0,0,0,0,..
Other non-OECD Asia,..,..,..,..,..,..,..,..,..,..,..,3,3,3,1,1,1,0,0,0,3,3,3,3,1,1,1,0,0,0,0,0,0,0,0,0,0,0,0,0,0,0,0,0,0,0,0,0,0,0,0,0,0,0,0,0,0,0,0,..
Memo: Greenland,..,..,..,..,..,..,..,..,..,..,..,..,..,..,..,..,..,..,..,..,..,..,..,..,..,..,..,..,..,..,..,..,..,..,..,..,..,..,..,..,..,..,..,..,0,0,0,0,0,0,0,0,0,0,0,0,0,0,0,..
Memo: Guyana,..,..,..,..,..,..,..,..,..,..,..,0,0,0,0,0,0,0,0,0,0,0,0,0,0,0,0,0,0,0,0,0,0,0,0,0,0,0,0,0,0,0,0,0,0,0,0,0,0,0,0,0,0,0,0,0,0,0,0,..
Memo: Madagascar,..,..,..,..,..,..,..,..,..,..,..,0,0,0,0,0,0,0,0,0,0,0,0,0,0,0,0,0,0,0,0,0,0,0,0,0,0,0,0,0,0,0,0,0,0,0,0,0,0,0,0,0,0,0,0,0,0,0,0,..
Memo: Mali,..,..,..,..,..,..,..,..,..,..,..,..,..,..,..,..,..,..,..,..,..,..,..,..,..,..,..,..,..,..,..,..,..,..,..,..,..,..,..,..,0,0,0,0,0,0,0,0,0,0,0,0,0,0,0,0,0,0,0,..
Memo: Palestinian Authority,..,..,..,..,..,..,..,..,..,..,..,x,x,x,x,x,x,x,x,x,x,x,x,x,x,x,x,x,x,x,x,x,x,x,..,..,..,..,..,..,..,0,0,0,0,0,0,0,0,0,0,0,0,0,0,0,0,0,0,..
Memo: Uganda,..,..,..,..,..,..,..,..,..,..,..,0,0,0,0,0,0,0,0,0,0,0,0,0,0,0,0,0,0,0,0,0,0,0,0,0,0,0,0,0,0,0,0,0,0,0,0,0,0,0,0,0,0,0,0,0,0,0,0,..
Memo: Africa (UN),..,..,..,..,..,..,..,..,..,..,..,0,0,0,0,1,6,471,463,465,652,839,1375,1491,1420,1466,1495,1423,1529,1860,2394,2499,2413,1297,1195,1358,1304,1599,1285,1809,1755,1596,1623,1566,1107,882,850,909,1006,1870,2388,1383,2475,1365,1062,525,564,657,895,..
Memo: Americas (UN),..,..,..,..,..,..,..,..,..,..,..,40346,45260,50577,50889,52974,61040,68003,68070,66911,65643,68840,61322,63346,66570,58628,62957,64938,68151,66138,76373,81456,82065,82951,85366,97542,103132,106209,98908,109001,108969,103400,105385,107230,116811,111205,112175,110915,102240,99800,107552,95633,104342,97168,108090,98069,98672,103265,108129,..
Memo: Asia (UN),..,..,..,..,..,..,..,..,..,..,..,..,..,..,..,..,..,..,..,..,..,..,..,..,..,..,..,..,..,..,59247,62793,69998,71136,77818,84571,92893,104147,105763,108098,115195,121116,130183,138340,151023,149629,160451,170382,168480,185011,193428,199949,207696,212814,229417,243533,246153,255683,265706,..
Memo: Europe (UN),..,..,..,..,..,..,..,..,..,..,..,..,..,..,..,..,..,..,..,..,..,..,..,..,..,..,..,..,..,..,68182,67510,68041,63355,66009,75943,74354,77088,73220,75663,75954,77981,78733,81085,81141,82039,82467,82501,80884,79473,88743,74631,73283,74986,77834,76296,77976,83452,80972,..
Memo: Oceania (UN),..,..,..,..,..,..,..,..,..,..,..,1231,1180,1271,928,968,931,1074,1119,1061,1260,1163,1127,956,1181,1289,1323,1149,1629,1648,1856,1889,1893,2105,2114,2203,2229,1989,2072,2085,2115,2207,1185,1694,1961,2087,1978,2055,2004,1892,1441,2183,2596,2432,2498,2112,2382,2306,2291,..
Memo: OECD Total,..,..,..,..,..,..,..,..,..,..,..,97147,109013,122247,120545,107915,124366,131922,136724,141105,129776,126182,116916,121328,129160,122059,128921,134718,144496,142590,152757,160975,166194,164072,173716,195566,201563,211097,204868,214854,214334,209208,215611,220318,230911,226524,230193,231175,215498,215365,225912,212118,224642,218855,233029,223986,226832,241835,241536,..
Memo: Non-OECD Total,..,..,..,..,..,..,..,..,..,..,..,5227,8794,9752,10930,11873,12585,14067,15685,17108,15208,17079,18466,20044,22223,27105,27597,30544,34996,36748,55295,55171,58216,56771,58786,66050,72349,79934,76382,81802,89654,97092,101497,109597,121134,119319,127727,135586,139114,152683,167639,161662,165750,169911,185872,196548,198915,203528,216457,..
Memo: IEA Total,..,..,..,..,..,..,..,..,..,..,..,97078,108917,122213,120499,107761,124210,131767,136503,140776,129425,125862,116607,121033,128866,121816,128580,134307,144053,142176,152290,160410,165720,163584,173202,194912,200844,210086,203676,213770,213116,208120,214771,219449,229961,225714,229211,229977,214262,214320,224927,211078,223389,217363,231559,222669,225473,240441,240089,..
Memo: IEA and Accession/Association countries,..,..,..,..,..,..,..,..,..,..,..,98840,111478,125484,124480,112190,128979,137652,143396,148212,136975,135713,127875,133453,142228,139580,146505,154830,167420,166810,178590,187371,193569,190506,204963,229453,239969,255877,248842,259756,266296,261352,271712,282182,299939,293369,302684,306889,288792,291625,309773,306956,316028,312134,339037,333118,337499,355745,364726,..
Memo: European Union-28,..,..,..,..,..,..,..,..,..,..,..,..,..,..,..,..,..,..,..,..,..,..,..,..,..,..,..,..,..,..,51049,52071,53153,49519,55471,61990,60499,63344,64670,62830,63576,63648,64323,65488,65610,66330,66489,66090,63949,58488,60883,58529,57712,56295,58859,56996,57831,63473,60392,..
Memo: European Union-27,..,..,..,..,..,..,..,..,..,..,..,..,..,..,..,..,..,..,..,..,..,..,..,..,..,..,..,..,..,..,45625,45744,46783,43191,48755,55228,53806,56717,57802,55476,57208,58427,58605,58821,59299,59991,60162,60982,59234,53638,56570,54310,54015,52530,55275,52737,52779,58475,55388,..
Memo: FSU 15,..,..,..,..,..,..,..,..,..,..,..,1471,4099,3994,3888,3994,3994,3994,3994,3994,3048,3678,1997,2102,3678,3888,3573,3783,4939,4834,16504,15075,14805,13616,10326,13427,13471,13351,8533,12341,11908,13373,13595,14695,15198,15350,15521,15393,15762,19926,26706,15049,14756,17642,18100,18478,19294,19241,19829,..
Memo: Former Yugoslavia,..,..,..,..,..,..,..,..,..,..,..,0,0,419,532,563,705,475,603,732,578,110,631,754,702,498,680,870,1102,1093,194,230,222,256,283,314,330,131,105,100,109,88,80,83,97,97,89,112,602,392,448,412,117,371,249,274,399,420,387,..
Memo: OPEC,..,..,..,..,..,..,..,..,..,..,..,854,979,986,1405,1749,1387,1686,1242,1649,1362,705,1027,958,996,1147,1254,1179,1349,2280,7590,8231,9889,10726,9391,10467,11901,12586,14182,15533,16111,17136,17453,16932,19360,20159,21607,21337,24687,28505,30581,27607,33764,32857,33784,40670,40054,41183,42782,..
Memo: ASEAN,..,..,..,..,..,..,..,..,..,..,..,..,..,..,..,..,..,..,..,..,..,..,..,..,..,..,..,..,..,..,..,..,..,..,..,..,..,..,..,..,7236,8318,10794,12786,15722,16144,18293,20408,17590,23147,22662,24200,23825,25957,26714,26316,27722,28975,31459,..
Memo: G7,..,..,..,..,..,..,..,..,..,..,..,86323,95499,106064,104180,92842,107332,114043,116289,119302,108497,106140,95400,97398,103445,95501,98748,103213,109396,107669,118492,125299,126605,123685,127993,145141,151240,156789,147342,158084,156415,149827,155978,157973,168389,163173,165159,162556,147877,146674,153034,140323,149660,142574,153882,145258,144695,154783,156251,..
Memo: G8,..,..,..,..,..,..,..,..,..,..,..,..,..,..,..,..,..,..,..,..,..,..,..,..,..,..,..,..,..,..,134256,139426,140296,136144,137203,157715,163807,169256,154643,169791,167665,162646,168914,172161,182791,177379,179666,177320,162913,165993,179165,154861,163833,159640,171378,163013,163273,173113,175103,..
Memo: G20,..,..,..,..,..,..,..,..,..,..,..,..,..,..,..,..,..,..,..,..,..,..,..,..,..,..,..,..,..,..,199361,207153,215330,210300,220942,249478,260081,274086,263748,276965,283122,279085,287769,296695,316038,310094,318770,320791,306794,312177,335401,320223,331667,326236,353555,349905,354499,372104,379593,..
